Post ID,Platform,Date,Content Type,Post Text,Likes,Shares,Comments,Impressions,Reach,Clicks,Hashtags Used,Campaign_Name,Total Engagement ,Engagement Rate,Campaign_Name2,Start Date,End Date,Budget
P001,Twitter,23-12-2024,Reel,Check out our latest reel on twitter!,1461.00,184.00,344.00,21915.00,21675.00,15.00,#LiveForNow,SummerSplash,1989.00,9.08%,No Campaign,,,
P001,Twitter,23-12-2024,Reel,Check out our latest reel on twitter!,1461.00,184.00,344.00,21915.00,21675.00,15.00,#AnytimeIsPepsiTime,SummerSplash,1989.00,9.08%,No Campaign,,,
P002,Twitter,03-04-2025,Text,Check out our latest text on twitter!,4054.00,389.00,493.00,64864.00,64383.00,117.00,#PepsiCoRefresh,FestiveRadiance,4936.00,7.61%,No Campaign,,,
P002,Twitter,03-04-2025,Text,Check out our latest text on twitter!,4054.00,389.00,493.00,64864.00,64383.00,117.00,#BetterWithPepsi,FestiveRadiance,4936.00,7.61%,No Campaign,,,
P003,YouTube,12-05-2025,Reel,Check out our latest reel on youtube!,2795.00,105.00,49.00,53105.00,52307.00,204.00,#PepsiCoRefresh,NewYearRefresh,2949.00,5.55%,No Campaign,,,
P004,Instagram,12-08-2024,Story,Check out our latest story on instagram!,2404.00,363.00,138.00,19232.00,18636.00,128.00,#ThirstyForMore,DailyWellness,2905.00,15.11%,No Campaign,,,
P005,YouTube,26-06-2024,Reel,Check out our latest reel on youtube!,3557.00,687.00,424.00,71140.00,70701.00,224.00,#ThirstyForMore,SummerSplash,4668.00,6.56%,SummerSplash,15-06-2024,15-07-2024,"? 1,50,000.00"
P005,YouTube,26-06-2024,Reel,Check out our latest reel on youtube!,3557.00,687.00,424.00,71140.00,70701.00,224.00,#PepsiCoRefresh,SummerSplash,4668.00,6.56%,SummerSplash,15-06-2024,15-07-2024,"? 1,50,000.00"
P006,Facebook,31-10-2024,Carousel,Check out our latest carousel on facebook!,2945.00,930.00,355.00,23560.00,23275.00,256.00,#PepsiCoRefresh,FestiveRadiance,4230.00,17.95%,FestiveRadiance,01-10-2024,31-10-2024,"? 2,00,000.00"
P007,Twitter,24-06-2024,Carousel,Check out our latest carousel on twitter!,3860.00,201.00,279.00,61760.00,61660.00,235.00,#PepsiCoRefresh,FestiveRadiance,4340.00,7.03%,SummerSplash,15-06-2024,15-07-2024,"? 1,50,000.00"
P008,YouTube,13-07-2024,Image,Check out our latest image on youtube!,3929.00,262.00,278.00,43219.00,42841.00,39.00,#ThirstyForMore,DailyWellness,4469.00,10.34%,SummerSplash,15-06-2024,15-07-2024,"? 1,50,000.00"
P009,Facebook,30-08-2024,Text,Check out our latest text on facebook!,3784.00,808.00,404.00,56760.00,56343.00,131.00,#PepsiCoRefresh,FestiveRadiance,4996.00,8.80%,No Campaign,,,
P010,Facebook,11-03-2025,Image,Check out our latest image on facebook!,4241.00,902.00,47.00,72097.00,71598.00,167.00,#PepsiCoRefresh,FestiveRadiance,5190.00,7.20%,DailyWellness,01-03-2025,31-03-2025,"? 1,80,000.00"
P011,Instagram,02-02-2025,Story,Check out our latest story on instagram!,1792.00,614.00,497.00,25088.00,24675.00,65.00,#LiveForNow,DailyWellness,2903.00,11.57%,No Campaign,,,
P012,Facebook,21-07-2024,Reel,Check out our latest reel on facebook!,1946.00,686.00,377.00,23352.00,22982.00,213.00,#LiveForNow,NewYearRefresh,3009.00,12.89%,No Campaign,,,
P013,YouTube,18-11-2024,Carousel,Check out our latest carousel on youtube!,1171.00,286.00,231.00,22249.00,21282.00,114.00,#ThirstyForMore,SummerSplash,1688.00,7.59%,No Campaign,,,
P014,Facebook,16-02-2025,Story,Check out our latest story on facebook!,4242.00,555.00,131.00,33936.00,33802.00,265.00,#LiveForNow,,4928.00,14.52%,No Campaign,,,
P015,Facebook,24-10-2024,Video,Check out our latest video on facebook!,3888.00,604.00,128.00,77760.00,77167.00,20.00,#LiveForNow,SummerSplash,4620.00,5.94%,FestiveRadiance,01-10-2024,31-10-2024,"? 2,00,000.00"
P016,Facebook,26-08-2024,Text,Check out our latest text on facebook!,3452.00,377.00,360.00,55232.00,55075.00,87.00,#LiveForNow,NewYearRefresh,4189.00,7.58%,No Campaign,,,
P017,Facebook,05-05-2025,Text,Check out our latest text on facebook!,4441.00,511.00,70.00,53292.00,53082.00,159.00,#ThirstyForMore,DailyWellness,5022.00,9.42%,No Campaign,,,
P018,Instagram,19-08-2024,Reel,Check out our latest reel on instagram!,3000.00,382.00,325.00,36000.00,35819.00,19.00,#LiveForNow,SummerSplash,3707.00,10.30%,No Campaign,,,
P019,Instagram,23-06-2024,Video,Check out our latest video on instagram!,1071.00,519.00,22.00,16065.00,15865.00,103.00,#PepsiCoRefresh,DailyWellness,1612.00,10.03%,SummerSplash,15-06-2024,15-07-2024,"? 1,50,000.00"
P020,Instagram,09-09-2024,Carousel,Check out our latest carousel on instagram!,4054.00,488.00,373.00,77026.00,76881.00,25.00,#PepsiCoRefresh,SummerSplash,4915.00,6.38%,No Campaign,,,
P021,Instagram,04-01-2025,Reel,Check out our latest reel on instagram!,4838.00,640.00,128.00,72570.00,72396.00,83.00,#LiveForNow,DailyWellness,5606.00,7.72%,NewYearRefresh,25-12-2024,10-01-2025,"? 2,50,000.00"
P022,Facebook,27-02-2025,Text,Check out our latest text on facebook!,1570.00,187.00,260.00,25120.00,24613.00,133.00,#PepsiCoRefresh,DailyWellness,2017.00,8.03%,No Campaign,,,
P023,Facebook,06-11-2024,Video,Check out our latest video on facebook!,1606.00,547.00,316.00,32120.00,31736.00,225.00,#PepsiCoRefresh,FestiveRadiance,2469.00,7.69%,No Campaign,,,
P023,Facebook,06-11-2024,Video,Check out our latest video on facebook!,1606.00,547.00,316.00,32120.00,31736.00,225.00,#AnytimeIsPepsiTime,FestiveRadiance,2469.00,7.69%,No Campaign,,,
P024,Facebook,23-01-2025,Video,Check out our latest video on facebook!,3961.00,761.00,131.00,67337.00,66615.00,161.00,#LiveForNow,NewYearRefresh,4853.00,7.21%,No Campaign,,,
P025,Twitter,10-04-2025,Carousel,Check out our latest carousel on twitter!,3128.00,211.00,197.00,59432.00,59182.00,238.00,#ThirstyForMore,,3536.00,5.95%,No Campaign,,,
P026,YouTube,05-04-2025,Reel,Check out our latest reel on youtube!,3009.00,413.00,358.00,42126.00,41309.00,211.00,#LiveForNow,FestiveRadiance,3780.00,8.97%,No Campaign,,,
P027,YouTube,17-09-2024,Text,Check out our latest text on youtube!,2076.00,195.00,104.00,33216.00,32244.00,51.00,#LiveForNow,DailyWellness,2375.00,7.15%,No Campaign,,,
P028,Instagram,04-03-2025,Video,Check out our latest video on instagram!,432.00,624.00,123.00,6912.00,6259.00,79.00,#LiveForNow,DailyWellness,1179.00,17.06%,DailyWellness,01-03-2025,31-03-2025,"? 1,80,000.00"
P029,Instagram,31-01-2025,Carousel,Check out our latest carousel on instagram!,2566.00,118.00,37.00,12830.00,12264.00,221.00,#LiveForNow,NewYearRefresh,2721.00,21.21%,No Campaign,,,
P030,Instagram,25-02-2025,Video,Check out our latest video on instagram!,3095.00,39.00,78.00,55710.00,54808.00,93.00,#ThirstyForMore,,3212.00,5.77%,No Campaign,,,
P031,Instagram,16-12-2024,Text,Check out our latest text on instagram!,438.00,153.00,275.00,3066.00,2701.00,282.00,#PepsiCoRefresh,FestiveRadiance,866.00,28.25%,No Campaign,,,
P032,Twitter,31-07-2024,Carousel,Check out our latest carousel on twitter!,2278.00,10.00,321.00,13668.00,12676.00,275.00,#ThirstyForMore,SummerSplash,2609.00,19.09%,No Campaign,,,
P033,Facebook,21-08-2024,Image,Check out our latest image on facebook!,1407.00,400.00,351.00,16884.00,15954.00,113.00,#PepsiCoRefresh,SummerSplash,2158.00,12.78%,No Campaign,,,
P034,Facebook,26-03-2025,Text,Check out our latest text on facebook!,1652.00,89.00,357.00,29736.00,28771.00,215.00,#PepsiCoRefresh,NewYearRefresh,2098.00,7.06%,DailyWellness,01-03-2025,31-03-2025,"? 1,80,000.00"
P035,Instagram,30-11-2024,Video,Check out our latest video on instagram!,3775.00,16.00,239.00,33975.00,33310.00,271.00,#LiveForNow,FestiveRadiance,4030.00,11.86%,No Campaign,,,
P036,Instagram,19-04-2025,Story,Check out our latest story on instagram!,4518.00,285.00,383.00,67770.00,67621.00,31.00,#ThirstyForMore,FestiveRadiance,5186.00,7.65%,No Campaign,,,
P037,Facebook,06-01-2025,Carousel,Check out our latest carousel on facebook!,3024.00,925.00,350.00,24192.00,23518.00,36.00,#ThirstyForMore,FestiveRadiance,4299.00,17.77%,NewYearRefresh,25-12-2024,10-01-2025,"? 2,50,000.00"
P038,YouTube,17-02-2025,Reel,Check out our latest reel on youtube!,3138.00,123.00,291.00,28242.00,27550.00,87.00,#PepsiCoRefresh,DailyWellness,3552.00,12.58%,No Campaign,,,
P039,Facebook,25-11-2024,Image,Check out our latest image on facebook!,3564.00,629.00,177.00,60588.00,59627.00,92.00,#PepsiCoRefresh,,4370.00,7.21%,No Campaign,,,
P040,Twitter,07-03-2025,Image,Check out our latest image on twitter!,4750.00,151.00,415.00,38000.00,37792.00,299.00,#ThirstyForMore,DailyWellness,5316.00,13.99%,DailyWellness,01-03-2025,31-03-2025,"? 1,80,000.00"
P041,Instagram,08-03-2025,Reel,Check out our latest reel on instagram!,456.00,629.00,428.00,8208.00,7377.00,205.00,#LiveForNow,DailyWellness,1513.00,18.43%,DailyWellness,01-03-2025,31-03-2025,"? 1,80,000.00"
P042,YouTube,05-03-2025,Reel,Check out our latest reel on youtube!,1543.00,820.00,333.00,12344.00,11496.00,241.00,#ThirstyForMore,,2696.00,21.84%,DailyWellness,01-03-2025,31-03-2025,"? 1,80,000.00"
P043,Instagram,14-12-2024,Carousel,Check out our latest carousel on instagram!,2174.00,658.00,15.00,13044.00,12206.00,137.00,#PepsiCoRefresh,NewYearRefresh,2847.00,21.83%,No Campaign,,,
P044,Twitter,02-03-2025,Image,Check out our latest image on twitter!,2358.00,784.00,344.00,35370.00,34475.00,216.00,#PepsiCoRefresh,,3486.00,9.86%,DailyWellness,01-03-2025,31-03-2025,"? 1,80,000.00"
P045,Facebook,01-11-2024,Video,Check out our latest video on facebook!,3371.00,106.00,327.00,50565.00,49816.00,176.00,#LiveForNow,SummerSplash,3804.00,7.52%,No Campaign,,,
P046,Twitter,02-05-2025,Video,Check out our latest video on twitter!,1108.00,177.00,212.00,8864.00,8710.00,97.00,#PepsiCoRefresh,DailyWellness,1497.00,16.89%,No Campaign,,,
P047,Twitter,24-02-2025,Carousel,Check out our latest carousel on twitter!,2704.00,752.00,153.00,21632.00,20792.00,127.00,#LiveForNow,,3609.00,16.68%,No Campaign,,,
P048,Twitter,11-03-2025,Story,Check out our latest story on twitter!,1950.00,295.00,478.00,37050.00,36272.00,119.00,#PepsiCoRefresh,,2723.00,7.35%,DailyWellness,01-03-2025,31-03-2025,"? 1,80,000.00"
P049,Twitter,10-06-2024,Story,Check out our latest story on twitter!,2164.00,549.00,274.00,28132.00,27361.00,177.00,#PepsiCoRefresh,DailyWellness,2987.00,10.62%,No Campaign,,,
P050,YouTube,03-07-2024,Story,Check out our latest story on youtube!,2754.00,130.00,90.00,22032.00,21288.00,112.00,#PepsiCoRefresh,NewYearRefresh,2974.00,13.50%,SummerSplash,15-06-2024,15-07-2024,"? 1,50,000.00"
P051,Facebook,13-06-2024,Carousel,Check out our latest carousel on facebook!,2200.00,504.00,239.00,37400.00,36938.00,225.00,#LiveForNow,FestiveRadiance,2943.00,7.87%,No Campaign,,,
P052,Facebook,03-01-2025,Image,Check out our latest image on facebook!,947.00,338.00,350.00,10417.00,9730.00,34.00,#PepsiCoRefresh,DailyWellness,1635.00,15.70%,NewYearRefresh,25-12-2024,10-01-2025,"? 2,50,000.00"
P053,YouTube,24-02-2025,Carousel,Check out our latest carousel on youtube!,804.00,639.00,43.00,4020.00,3144.00,11.00,#ThirstyForMore,,1486.00,36.97%,No Campaign,,,
P053,YouTube,24-02-2025,Carousel,Check out our latest carousel on youtube!,804.00,639.00,43.00,4020.00,3144.00,11.00,#BetterWithPepsi,,1486.00,36.97%,No Campaign,,,
P054,YouTube,13-03-2025,Carousel,Check out our latest carousel on youtube!,1686.00,904.00,472.00,18546.00,18171.00,52.00,#LiveForNow,FestiveRadiance,3062.00,16.51%,DailyWellness,01-03-2025,31-03-2025,"? 1,80,000.00"
P055,Facebook,17-06-2024,Image,Check out our latest image on facebook!,1226.00,119.00,7.00,14712.00,14049.00,123.00,#ThirstyForMore,DailyWellness,1352.00,9.19%,SummerSplash,15-06-2024,15-07-2024,"? 1,50,000.00"
P056,Facebook,18-12-2024,Carousel,Check out our latest carousel on facebook!,2946.00,498.00,367.00,29460.00,28527.00,60.00,#LiveForNow,NewYearRefresh,3811.00,12.94%,No Campaign,,,
P057,Twitter,21-10-2024,Video,Check out our latest video on twitter!,2825.00,535.00,295.00,45200.00,44739.00,169.00,#PepsiCoRefresh,SummerSplash,3655.00,8.09%,FestiveRadiance,01-10-2024,31-10-2024,"? 2,00,000.00"
P058,Instagram,15-04-2025,Reel,Check out our latest reel on instagram!,103.00,770.00,19.00,1030.00,410.00,262.00,#PepsiCoRefresh,DailyWellness,892.00,86.60%,No Campaign,,,
P059,Instagram,22-06-2024,Text,Check out our latest text on instagram!,2180.00,263.00,387.00,30520.00,30059.00,174.00,#ThirstyForMore,,2830.00,9.27%,SummerSplash,15-06-2024,15-07-2024,"? 1,50,000.00"
P060,Instagram,28-01-2025,Video,Check out our latest video on instagram!,904.00,973.00,63.00,11752.00,11580.00,84.00,#ThirstyForMore,NewYearRefresh,1940.00,16.51%,No Campaign,,,
P060,Instagram,28-01-2025,Video,Check out our latest video on instagram!,904.00,973.00,63.00,11752.00,11580.00,84.00,#PepsiCoRefresh,NewYearRefresh,1940.00,16.51%,No Campaign,,,
P060,Instagram,28-01-2025,Video,Check out our latest video on instagram!,904.00,973.00,63.00,11752.00,11580.00,84.00,#AnytimeIsPepsiTime,NewYearRefresh,1940.00,16.51%,No Campaign,,,
P061,Twitter,05-09-2024,Video,Check out our latest video on twitter!,4886.00,983.00,409.00,43974.00,43239.00,65.00,#PepsiCoRefresh,SummerSplash,6278.00,14.28%,No Campaign,,,
P062,Twitter,22-11-2024,Carousel,Check out our latest carousel on twitter!,53.00,81.00,379.00,954.00,7.00,148.00,#PepsiCoRefresh,NewYearRefresh,513.00,53.77%,No Campaign,,,
P063,Twitter,31-07-2024,Carousel,Check out our latest carousel on twitter!,4507.00,217.00,13.00,90140.00,89591.00,125.00,#LiveForNow,NewYearRefresh,4737.00,5.26%,No Campaign,,,
P064,Facebook,17-08-2024,Image,Check out our latest image on facebook!,2878.00,248.00,416.00,43170.00,42667.00,75.00,#LiveForNow,NewYearRefresh,3542.00,8.20%,No Campaign,,,
P065,Instagram,28-03-2025,Story,Check out our latest story on instagram!,1881.00,501.00,99.00,20691.00,19987.00,289.00,#ThirstyForMore,,2481.00,11.99%,DailyWellness,01-03-2025,31-03-2025,"? 1,80,000.00"
P066,Twitter,26-07-2024,Carousel,Check out our latest carousel on twitter!,432.00,171.00,280.00,3024.00,2285.00,184.00,#ThirstyForMore,SummerSplash,883.00,29.20%,No Campaign,,,
P067,Facebook,29-03-2025,Carousel,Check out our latest carousel on facebook!,4712.00,568.00,127.00,84816.00,84691.00,100.00,#ThirstyForMore,NewYearRefresh,5407.00,6.37%,DailyWellness,01-03-2025,31-03-2025,"? 1,80,000.00"
P068,Instagram,08-12-2024,Story,Check out our latest story on instagram!,2610.00,126.00,288.00,15660.00,15145.00,73.00,#ThirstyForMore,,3024.00,19.31%,No Campaign,,,
P069,Twitter,08-03-2025,Text,Check out our latest text on twitter!,1292.00,626.00,496.00,25840.00,24916.00,149.00,#LiveForNow,NewYearRefresh,2414.00,9.34%,DailyWellness,01-03-2025,31-03-2025,"? 1,80,000.00"
P070,Facebook,02-04-2025,Video,Check out our latest video on facebook!,199.00,772.00,400.00,3582.00,2988.00,43.00,#PepsiCoRefresh,,1371.00,38.27%,No Campaign,,,
P071,YouTube,02-09-2024,Carousel,Check out our latest carousel on youtube!,2551.00,915.00,205.00,30612.00,30360.00,227.00,#PepsiCoRefresh,FestiveRadiance,3671.00,11.99%,No Campaign,,,
P072,YouTube,03-03-2025,Reel,Check out our latest reel on youtube!,296.00,60.00,141.00,5624.00,5239.00,88.00,#ThirstyForMore,FestiveRadiance,497.00,8.84%,DailyWellness,01-03-2025,31-03-2025,"? 1,80,000.00"
P073,Facebook,18-10-2024,Story,Check out our latest story on facebook!,4126.00,426.00,486.00,78394.00,77798.00,88.00,#LiveForNow,DailyWellness,5038.00,6.43%,FestiveRadiance,01-10-2024,31-10-2024,"? 2,00,000.00"
P074,YouTube,28-10-2024,Reel,Check out our latest reel on youtube!,1855.00,200.00,174.00,16695.00,16330.00,123.00,#PepsiCoRefresh,NewYearRefresh,2229.00,13.35%,FestiveRadiance,01-10-2024,31-10-2024,"? 2,00,000.00"
P075,Instagram,01-08-2024,Reel,Check out our latest reel on instagram!,1674.00,929.00,37.00,21762.00,20998.00,255.00,#PepsiCoRefresh,DailyWellness,2640.00,12.13%,No Campaign,,,
P076,Twitter,07-11-2024,Story,Check out our latest story on twitter!,1121.00,135.00,18.00,15694.00,14957.00,99.00,#PepsiCoRefresh,DailyWellness,1274.00,8.12%,No Campaign,,,
P077,Facebook,04-03-2025,Story,Check out our latest story on facebook!,1249.00,116.00,420.00,8743.00,8538.00,63.00,#PepsiCoRefresh,,1785.00,20.42%,DailyWellness,01-03-2025,31-03-2025,"? 1,80,000.00"
P078,Twitter,17-06-2024,Image,Check out our latest image on twitter!,954.00,324.00,288.00,19080.00,18859.00,21.00,#LiveForNow,DailyWellness,1566.00,8.21%,SummerSplash,15-06-2024,15-07-2024,"? 1,50,000.00"
P079,Instagram,09-10-2024,Carousel,Check out our latest carousel on instagram!,3068.00,137.00,329.00,39884.00,39404.00,266.00,#ThirstyForMore,FestiveRadiance,3534.00,8.86%,FestiveRadiance,01-10-2024,31-10-2024,"? 2,00,000.00"
P080,Instagram,13-06-2024,Story,Check out our latest story on instagram!,2103.00,892.00,103.00,39957.00,39466.00,28.00,#LiveForNow,,3098.00,7.75%,No Campaign,,,
P081,Instagram,19-10-2024,Story,Check out our latest story on instagram!,1816.00,29.00,41.00,19976.00,19262.00,283.00,#PepsiCoRefresh,NewYearRefresh,1886.00,9.44%,FestiveRadiance,01-10-2024,31-10-2024,"? 2,00,000.00"
P082,Instagram,24-07-2024,Image,Check out our latest image on instagram!,725.00,88.00,428.00,14500.00,13637.00,200.00,#LiveForNow,NewYearRefresh,1241.00,8.56%,No Campaign,,,
P082,Instagram,24-07-2024,Image,Check out our latest image on instagram!,725.00,88.00,428.00,14500.00,13637.00,200.00,#PepsiCoRefresh,NewYearRefresh,1241.00,8.56%,No Campaign,,,
P082,Instagram,24-07-2024,Image,Check out our latest image on instagram!,725.00,88.00,428.00,14500.00,13637.00,200.00,#AnytimeIsPepsiTime,NewYearRefresh,1241.00,8.56%,No Campaign,,,
P083,YouTube,15-10-2024,Video,Check out our latest video on youtube!,1094.00,472.00,21.00,9846.00,9609.00,112.00,#ThirstyForMore,,1587.00,16.12%,FestiveRadiance,01-10-2024,31-10-2024,"? 2,00,000.00"
P084,Facebook,09-12-2024,Image,Check out our latest image on facebook!,1841.00,851.00,342.00,34979.00,34154.00,255.00,#LiveForNow,DailyWellness,3034.00,8.67%,No Campaign,,,
P085,Instagram,19-04-2025,Image,Check out our latest image on instagram!,4177.00,569.00,55.00,25062.00,24847.00,230.00,#LiveForNow,SummerSplash,4801.00,19.16%,No Campaign,,,
P086,YouTube,27-01-2025,Text,Check out our latest text on youtube!,3428.00,305.00,85.00,58276.00,58052.00,242.00,#ThirstyForMore,DailyWellness,3818.00,6.55%,No Campaign,,,
P086,YouTube,27-01-2025,Text,Check out our latest text on youtube!,3428.00,305.00,85.00,58276.00,58052.00,242.00,#BetterWithPepsi,DailyWellness,3818.00,6.55%,No Campaign,,,
P087,Twitter,06-06-2024,Video,Check out our latest video on twitter!,1436.00,765.00,496.00,12924.00,12701.00,197.00,#LiveForNow,NewYearRefresh,2697.00,20.87%,No Campaign,,,
P088,Facebook,07-07-2024,Story,Check out our latest story on facebook!,302.00,47.00,430.00,5738.00,4890.00,25.00,#PepsiCoRefresh,DailyWellness,779.00,13.58%,SummerSplash,15-06-2024,15-07-2024,"? 1,50,000.00"
P089,Twitter,10-01-2025,Image,Check out our latest image on twitter!,2214.00,249.00,152.00,15498.00,14800.00,180.00,#ThirstyForMore,,2615.00,16.87%,NewYearRefresh,25-12-2024,10-01-2025,"? 2,50,000.00"
P090,Instagram,03-06-2024,Image,Check out our latest image on instagram!,3861.00,960.00,101.00,69498.00,68817.00,297.00,#PepsiCoRefresh,DailyWellness,4922.00,7.08%,No Campaign,,,
P091,Facebook,24-03-2025,Image,Check out our latest image on facebook!,1263.00,397.00,357.00,25260.00,24615.00,137.00,#ThirstyForMore,DailyWellness,2017.00,7.98%,DailyWellness,01-03-2025,31-03-2025,"? 1,80,000.00"
P092,Twitter,21-10-2024,Story,Check out our latest story on twitter!,3801.00,967.00,401.00,38010.00,37625.00,236.00,#LiveForNow,NewYearRefresh,5169.00,13.60%,FestiveRadiance,01-10-2024,31-10-2024,"? 2,00,000.00"
P093,Instagram,11-12-2024,Video,Check out our latest video on instagram!,1431.00,951.00,26.00,8586.00,8396.00,150.00,#ThirstyForMore,NewYearRefresh,2408.00,28.05%,No Campaign,,,
P094,Instagram,07-11-2024,Image,Check out our latest image on instagram!,2647.00,304.00,170.00,18529.00,17841.00,46.00,#LiveForNow,NewYearRefresh,3121.00,16.84%,No Campaign,,,
P095,Instagram,08-11-2024,Text,Check out our latest text on instagram!,3182.00,559.00,160.00,57276.00,56890.00,163.00,#LiveForNow,DailyWellness,3901.00,6.81%,No Campaign,,,
P096,Twitter,10-09-2024,Image,Check out our latest image on twitter!,1238.00,366.00,444.00,19808.00,19334.00,123.00,#LiveForNow,,2048.00,10.34%,No Campaign,,,
P097,Instagram,13-08-2024,Image,Check out our latest image on instagram!,4739.00,527.00,135.00,61607.00,61333.00,36.00,#PepsiCoRefresh,FestiveRadiance,5401.00,8.77%,No Campaign,,,
P097,Instagram,13-08-2024,Image,Check out our latest image on instagram!,4739.00,527.00,135.00,61607.00,61333.00,36.00,#AnytimeIsPepsiTime,FestiveRadiance,5401.00,8.77%,No Campaign,,,
P098,Twitter,10-06-2024,Story,Check out our latest story on twitter!,1575.00,771.00,486.00,25200.00,24826.00,17.00,#LiveForNow,DailyWellness,2832.00,11.24%,No Campaign,,,
P099,YouTube,02-07-2024,Carousel,Check out our latest carousel on youtube!,4171.00,548.00,86.00,66736.00,66634.00,173.00,#LiveForNow,NewYearRefresh,4805.00,7.20%,SummerSplash,15-06-2024,15-07-2024,"? 1,50,000.00"
P100,YouTube,10-02-2025,Video,Check out our latest video on youtube!,1766.00,92.00,424.00,24724.00,24333.00,52.00,#ThirstyForMore,,2282.00,9.23%,No Campaign,,,
P101,YouTube,18-10-2024,Video,Check out our latest video on youtube!,4450.00,983.00,143.00,75650.00,75008.00,12.00,#LiveForNow,NewYearRefresh,5576.00,7.37%,FestiveRadiance,01-10-2024,31-10-2024,"? 2,00,000.00"
P102,Twitter,18-09-2024,Reel,Check out our latest reel on twitter!,1000.00,978.00,162.00,6000.00,5221.00,223.00,#ThirstyForMore,FestiveRadiance,2140.00,35.67%,No Campaign,,,
P103,Facebook,11-06-2024,Image,Check out our latest image on facebook!,3689.00,48.00,306.00,40579.00,39588.00,212.00,#ThirstyForMore,FestiveRadiance,4043.00,9.96%,No Campaign,,,
P104,YouTube,23-03-2025,Story,Check out our latest story on youtube!,3655.00,568.00,286.00,32895.00,32015.00,199.00,#PepsiCoRefresh,NewYearRefresh,4509.00,13.71%,DailyWellness,01-03-2025,31-03-2025,"? 1,80,000.00"
P105,Instagram,14-06-2024,Carousel,Check out our latest carousel on instagram!,498.00,38.00,42.00,4482.00,3647.00,32.00,#LiveForNow,SummerSplash,578.00,12.90%,No Campaign,,,
P106,Instagram,04-02-2025,Image,Check out our latest image on instagram!,4619.00,821.00,499.00,69285.00,69141.00,298.00,#PepsiCoRefresh,DailyWellness,5939.00,8.57%,No Campaign,,,
P107,YouTube,21-06-2024,Image,Check out our latest image on youtube!,4832.00,893.00,10.00,91808.00,91296.00,182.00,#PepsiCoRefresh,,5735.00,6.25%,SummerSplash,15-06-2024,15-07-2024,"? 1,50,000.00"
P108,Twitter,25-03-2025,Video,Check out our latest video on twitter!,4050.00,871.00,347.00,52650.00,51755.00,209.00,#PepsiCoRefresh,FestiveRadiance,5268.00,10.01%,DailyWellness,01-03-2025,31-03-2025,"? 1,80,000.00"
P109,Twitter,08-08-2024,Story,Check out our latest story on twitter!,3649.00,215.00,413.00,25543.00,24963.00,167.00,#LiveForNow,NewYearRefresh,4277.00,16.74%,No Campaign,,,
P110,Instagram,29-07-2024,Reel,Check out our latest reel on instagram!,3523.00,753.00,482.00,38753.00,38579.00,270.00,#ThirstyForMore,FestiveRadiance,4758.00,12.28%,No Campaign,,,
P111,YouTube,23-11-2024,Image,Check out our latest image on youtube!,2719.00,17.00,285.00,40785.00,40281.00,40.00,#PepsiCoRefresh,FestiveRadiance,3021.00,7.41%,No Campaign,,,
P112,Twitter,05-10-2024,Story,Check out our latest story on twitter!,1957.00,877.00,238.00,17613.00,16865.00,297.00,#LiveForNow,NewYearRefresh,3072.00,17.44%,FestiveRadiance,01-10-2024,31-10-2024,"? 2,00,000.00"
P113,Twitter,02-10-2024,Carousel,Check out our latest carousel on twitter!,4419.00,236.00,369.00,44190.00,43582.00,10.00,#ThirstyForMore,SummerSplash,5024.00,11.37%,FestiveRadiance,01-10-2024,31-10-2024,"? 2,00,000.00"
P114,Twitter,14-11-2024,Story,Check out our latest story on twitter!,4000.00,689.00,488.00,40000.00,39569.00,44.00,#LiveForNow,SummerSplash,5177.00,12.94%,No Campaign,,,
P115,Twitter,11-05-2025,Image,Check out our latest image on twitter!,2493.00,97.00,44.00,42381.00,41991.00,242.00,#PepsiCoRefresh,DailyWellness,2634.00,6.22%,No Campaign,,,
P115,Twitter,11-05-2025,Image,Check out our latest image on twitter!,2493.00,97.00,44.00,42381.00,41991.00,242.00,#AnytimeIsPepsiTime,DailyWellness,2634.00,6.22%,No Campaign,,,
P116,YouTube,18-03-2025,Reel,Check out our latest reel on youtube!,3704.00,186.00,458.00,25928.00,25081.00,131.00,#PepsiCoRefresh,,4348.00,16.77%,DailyWellness,01-03-2025,31-03-2025,"? 1,80,000.00"
P117,Twitter,04-11-2024,Image,Check out our latest image on twitter!,1606.00,451.00,405.00,20878.00,20190.00,219.00,#ThirstyForMore,DailyWellness,2462.00,11.79%,No Campaign,,,
P118,Facebook,04-11-2024,Image,Check out our latest image on facebook!,4551.00,714.00,207.00,68265.00,67754.00,57.00,#LiveForNow,NewYearRefresh,5472.00,8.02%,No Campaign,,,
P119,Instagram,07-02-2025,Reel,Check out our latest reel on instagram!,1970.00,675.00,478.00,9850.00,8924.00,117.00,#LiveForNow,,3123.00,31.71%,No Campaign,,,
P120,Facebook,21-10-2024,Story,Check out our latest story on facebook!,780.00,928.00,301.00,8580.00,8081.00,91.00,#ThirstyForMore,NewYearRefresh,2009.00,23.41%,FestiveRadiance,01-10-2024,31-10-2024,"? 2,00,000.00"
P121,Instagram,29-07-2024,Story,Check out our latest story on instagram!,498.00,701.00,412.00,4980.00,4185.00,185.00,#LiveForNow,,1611.00,32.35%,No Campaign,,,
P122,Instagram,02-10-2024,Text,Check out our latest text on instagram!,3432.00,869.00,123.00,54912.00,53916.00,264.00,#ThirstyForMore,FestiveRadiance,4424.00,8.06%,FestiveRadiance,01-10-2024,31-10-2024,"? 2,00,000.00"
P123,Instagram,14-06-2024,Story,Check out our latest story on instagram!,4363.00,649.00,140.00,21815.00,21481.00,157.00,#ThirstyForMore,SummerSplash,5152.00,23.62%,No Campaign,,,
P124,YouTube,06-04-2025,Carousel,Check out our latest carousel on youtube!,736.00,771.00,225.00,5152.00,4706.00,19.00,#ThirstyForMore,SummerSplash,1732.00,33.62%,No Campaign,,,
P125,Twitter,08-09-2024,Carousel,Check out our latest carousel on twitter!,3811.00,866.00,216.00,34299.00,34088.00,233.00,#PepsiCoRefresh,DailyWellness,4893.00,14.27%,No Campaign,,,
P126,Instagram,28-03-2025,Carousel,Check out our latest carousel on instagram!,4158.00,167.00,241.00,45738.00,45183.00,142.00,#LiveForNow,,4566.00,9.98%,DailyWellness,01-03-2025,31-03-2025,"? 1,80,000.00"
P127,Facebook,27-01-2025,Reel,Check out our latest reel on facebook!,3452.00,652.00,442.00,65588.00,65049.00,158.00,#LiveForNow,NewYearRefresh,4546.00,6.93%,No Campaign,,,
P128,Twitter,10-01-2025,Image,Check out our latest image on twitter!,3092.00,106.00,291.00,27828.00,27217.00,102.00,#LiveForNow,,3489.00,12.54%,NewYearRefresh,25-12-2024,10-01-2025,"? 2,50,000.00"
P129,Twitter,21-07-2024,Text,Check out our latest text on twitter!,2147.00,430.00,393.00,17176.00,16483.00,170.00,#PepsiCoRefresh,,2970.00,17.29%,No Campaign,,,
P130,YouTube,29-09-2024,Reel,Check out our latest reel on youtube!,2936.00,439.00,44.00,38168.00,37571.00,22.00,#ThirstyForMore,DailyWellness,3419.00,8.96%,No Campaign,,,
P131,Instagram,21-10-2024,Reel,Check out our latest reel on instagram!,4840.00,658.00,211.00,43560.00,43225.00,57.00,#LiveForNow,NewYearRefresh,5709.00,13.11%,FestiveRadiance,01-10-2024,31-10-2024,"? 2,00,000.00"
P132,Instagram,04-03-2025,Story,Check out our latest story on instagram!,1947.00,842.00,101.00,21417.00,20967.00,186.00,#LiveForNow,FestiveRadiance,2890.00,13.49%,DailyWellness,01-03-2025,31-03-2025,"? 1,80,000.00"
P133,Facebook,06-02-2025,Image,Check out our latest image on facebook!,2072.00,532.00,71.00,37296.00,36467.00,25.00,#PepsiCoRefresh,DailyWellness,2675.00,7.17%,No Campaign,,,
P134,Twitter,24-04-2025,Reel,Check out our latest reel on twitter!,3731.00,115.00,135.00,55965.00,55436.00,103.00,#PepsiCoRefresh,SummerSplash,3981.00,7.11%,No Campaign,,,
P135,Facebook,28-11-2024,Text,Check out our latest text on facebook!,4213.00,253.00,434.00,75834.00,75437.00,272.00,#LiveForNow,DailyWellness,4900.00,6.46%,No Campaign,,,
P136,Instagram,11-07-2024,Text,Check out our latest text on instagram!,3134.00,888.00,444.00,21938.00,21337.00,130.00,#ThirstyForMore,DailyWellness,4466.00,20.36%,SummerSplash,15-06-2024,15-07-2024,"? 1,50,000.00"
P137,Facebook,31-07-2024,Video,Check out our latest video on facebook!,3008.00,94.00,37.00,15040.00,14639.00,277.00,#LiveForNow,,3139.00,20.87%,No Campaign,,,
P138,Twitter,29-03-2025,Image,Check out our latest image on twitter!,305.00,187.00,243.00,4575.00,3704.00,234.00,#LiveForNow,NewYearRefresh,735.00,16.07%,DailyWellness,01-03-2025,31-03-2025,"? 1,80,000.00"
P139,YouTube,29-10-2024,Text,Check out our latest text on youtube!,2746.00,156.00,203.00,32952.00,32147.00,147.00,#ThirstyForMore,SummerSplash,3105.00,9.42%,FestiveRadiance,01-10-2024,31-10-2024,"? 2,00,000.00"
P140,Facebook,15-07-2024,Image,Check out our latest image on facebook!,2291.00,78.00,485.00,18328.00,18101.00,10.00,#ThirstyForMore,FestiveRadiance,2854.00,15.57%,SummerSplash,15-06-2024,15-07-2024,"? 1,50,000.00"
P140,Facebook,15-07-2024,Image,Check out our latest image on facebook!,2291.00,78.00,485.00,18328.00,18101.00,10.00,#SmoothLikeNitroPepsi,FestiveRadiance,2854.00,15.57%,SummerSplash,15-06-2024,15-07-2024,"? 1,50,000.00"
P141,Twitter,31-08-2024,Image,Check out our latest image on twitter!,3170.00,857.00,379.00,19020.00,18559.00,240.00,#LiveForNow,,4406.00,23.17%,No Campaign,,,
P142,YouTube,25-03-2025,Story,Check out our latest story on youtube!,2070.00,275.00,386.00,39330.00,38627.00,114.00,#LiveForNow,DailyWellness,2731.00,6.94%,DailyWellness,01-03-2025,31-03-2025,"? 1,80,000.00"
P143,YouTube,02-10-2024,Carousel,Check out our latest carousel on youtube!,80.00,362.00,80.00,1040.00,349.00,117.00,#PepsiCoRefresh,NewYearRefresh,522.00,50.19%,FestiveRadiance,01-10-2024,31-10-2024,"? 2,00,000.00"
P144,YouTube,28-10-2024,Story,Check out our latest story on youtube!,4929.00,749.00,452.00,93651.00,92810.00,66.00,#ThirstyForMore,DailyWellness,6130.00,6.55%,FestiveRadiance,01-10-2024,31-10-2024,"? 2,00,000.00"
P145,Instagram,12-08-2024,Carousel,Check out our latest carousel on instagram!,1878.00,62.00,179.00,37560.00,36874.00,142.00,#PepsiCoRefresh,DailyWellness,2119.00,5.64%,No Campaign,,,
P146,YouTube,05-06-2024,Reel,Check out our latest reel on youtube!,3065.00,772.00,142.00,18390.00,17875.00,200.00,#ThirstyForMore,,3979.00,21.64%,No Campaign,,,
P146,YouTube,05-06-2024,Reel,Check out our latest reel on youtube!,3065.00,772.00,142.00,18390.00,17875.00,200.00,#AnytimeIsPepsiTime,,3979.00,21.64%,No Campaign,,,
P147,Instagram,21-10-2024,Reel,Check out our latest reel on instagram!,3256.00,459.00,266.00,26048.00,25529.00,143.00,#PepsiCoRefresh,FestiveRadiance,3981.00,15.28%,FestiveRadiance,01-10-2024,31-10-2024,"? 2,00,000.00"
P148,Instagram,15-04-2025,Video,Check out our latest video on instagram!,4133.00,466.00,327.00,24798.00,24620.00,176.00,#ThirstyForMore,DailyWellness,4926.00,19.86%,No Campaign,,,
P149,Twitter,16-06-2024,Video,Check out our latest video on twitter!,1702.00,750.00,179.00,34040.00,33174.00,76.00,#ThirstyForMore,SummerSplash,2631.00,7.73%,SummerSplash,15-06-2024,15-07-2024,"? 1,50,000.00"
P150,YouTube,22-08-2024,Carousel,Check out our latest carousel on youtube!,4295.00,853.00,325.00,85900.00,85788.00,290.00,#PepsiCoRefresh,DailyWellness,5473.00,6.37%,No Campaign,,,
P151,Instagram,26-07-2024,Image,Check out our latest image on instagram!,3559.00,59.00,289.00,35590.00,35105.00,122.00,#ThirstyForMore,SummerSplash,3907.00,10.98%,No Campaign,,,
P152,Facebook,22-04-2025,Image,Check out our latest image on facebook!,4804.00,550.00,270.00,28824.00,28370.00,47.00,#ThirstyForMore,DailyWellness,5624.00,19.51%,No Campaign,,,
P153,Twitter,01-01-2025,Video,Check out our latest video on twitter!,754.00,197.00,257.00,6786.00,6221.00,212.00,#PepsiCoRefresh,NewYearRefresh,1208.00,17.80%,NewYearRefresh,25-12-2024,10-01-2025,"? 2,50,000.00"
P154,Instagram,09-10-2024,Carousel,Check out our latest carousel on instagram!,985.00,932.00,287.00,6895.00,6757.00,64.00,#LiveForNow,DailyWellness,2204.00,31.97%,FestiveRadiance,01-10-2024,31-10-2024,"? 2,00,000.00"
P155,YouTube,21-12-2024,Image,Check out our latest image on youtube!,2283.00,210.00,130.00,22830.00,22617.00,143.00,#LiveForNow,FestiveRadiance,2623.00,11.49%,No Campaign,,,
P156,Facebook,22-10-2024,Carousel,Check out our latest carousel on facebook!,3352.00,941.00,482.00,43576.00,43338.00,240.00,#LiveForNow,FestiveRadiance,4775.00,10.96%,FestiveRadiance,01-10-2024,31-10-2024,"? 2,00,000.00"
P157,YouTube,23-07-2024,Story,Check out our latest story on youtube!,4775.00,173.00,206.00,47750.00,47544.00,187.00,#LiveForNow,FestiveRadiance,5154.00,10.79%,No Campaign,,,
P158,Instagram,11-08-2024,Story,Check out our latest story on instagram!,1762.00,405.00,423.00,22906.00,21925.00,25.00,#PepsiCoRefresh,SummerSplash,2590.00,11.31%,No Campaign,,,
P159,Facebook,25-11-2024,Story,Check out our latest story on facebook!,2120.00,158.00,488.00,12720.00,12085.00,17.00,#LiveForNow,FestiveRadiance,2766.00,21.75%,No Campaign,,,
P160,Twitter,24-08-2024,Video,Check out our latest video on twitter!,1082.00,209.00,484.00,19476.00,18654.00,20.00,#PepsiCoRefresh,,1775.00,9.11%,No Campaign,,,
P161,Twitter,19-02-2025,Text,Check out our latest text on twitter!,4671.00,876.00,366.00,51381.00,50565.00,245.00,#PepsiCoRefresh,DailyWellness,5913.00,11.51%,No Campaign,,,
P162,Facebook,01-04-2025,Story,Check out our latest story on facebook!,3430.00,566.00,164.00,48020.00,47305.00,120.00,#LiveForNow,,4160.00,8.66%,No Campaign,,,
P163,Instagram,08-04-2025,Image,Check out our latest image on instagram!,4501.00,375.00,323.00,22505.00,21836.00,132.00,#PepsiCoRefresh,FestiveRadiance,5199.00,23.10%,No Campaign,,,
P164,YouTube,27-02-2025,Text,Check out our latest text on youtube!,4934.00,971.00,156.00,39472.00,39025.00,169.00,#PepsiCoRefresh,DailyWellness,6061.00,15.36%,No Campaign,,,
P164,YouTube,27-02-2025,Text,Check out our latest text on youtube!,4934.00,971.00,156.00,39472.00,39025.00,169.00,#AnytimeIsPepsiTime,DailyWellness,6061.00,15.36%,No Campaign,,,
P165,Twitter,11-12-2024,Text,Check out our latest text on twitter!,3239.00,43.00,211.00,22673.00,22171.00,230.00,#PepsiCoRefresh,FestiveRadiance,3493.00,15.41%,No Campaign,,,
P166,Twitter,16-02-2025,Reel,Check out our latest reel on twitter!,1076.00,313.00,306.00,11836.00,11596.00,104.00,#LiveForNow,SummerSplash,1695.00,14.32%,No Campaign,,,
P167,Instagram,28-11-2024,Text,Check out our latest text on instagram!,4771.00,818.00,56.00,57252.00,56378.00,150.00,#LiveForNow,,5645.00,9.86%,No Campaign,,,
P168,Facebook,12-11-2024,Text,Check out our latest text on facebook!,2418.00,754.00,54.00,43524.00,42743.00,182.00,#ThirstyForMore,SummerSplash,3226.00,7.41%,No Campaign,,,
P169,YouTube,03-12-2024,Video,Check out our latest video on youtube!,3809.00,273.00,200.00,34281.00,33534.00,83.00,#ThirstyForMore,SummerSplash,4282.00,12.49%,No Campaign,,,
P170,Twitter,28-04-2025,Text,Check out our latest text on twitter!,3577.00,596.00,493.00,67963.00,67839.00,53.00,#PepsiCoRefresh,NewYearRefresh,4666.00,6.87%,No Campaign,,,
P171,YouTube,31-12-2024,Video,Check out our latest video on youtube!,1018.00,447.00,332.00,18324.00,18164.00,38.00,#LiveForNow,FestiveRadiance,1797.00,9.81%,NewYearRefresh,25-12-2024,10-01-2025,"? 2,50,000.00"
P172,Facebook,14-08-2024,Carousel,Check out our latest carousel on facebook!,3073.00,553.00,174.00,52241.00,51605.00,246.00,#ThirstyForMore,NewYearRefresh,3800.00,7.27%,No Campaign,,,
P173,Twitter,05-12-2024,Video,Check out our latest video on twitter!,1330.00,925.00,35.00,15960.00,15379.00,229.00,#LiveForNow,NewYearRefresh,2290.00,14.35%,No Campaign,,,
P174,Facebook,22-06-2024,Text,Check out our latest text on facebook!,3828.00,148.00,253.00,30624.00,30229.00,235.00,#ThirstyForMore,,4229.00,13.81%,SummerSplash,15-06-2024,15-07-2024,"? 1,50,000.00"
P175,Instagram,17-01-2025,Reel,Check out our latest reel on instagram!,142.00,784.00,183.00,1704.00,995.00,154.00,#LiveForNow,DailyWellness,1109.00,65.08%,No Campaign,,,
P176,Facebook,20-06-2024,Video,Check out our latest video on facebook!,3798.00,31.00,279.00,75960.00,75813.00,266.00,#PepsiCoRefresh,SummerSplash,4108.00,5.41%,SummerSplash,15-06-2024,15-07-2024,"? 1,50,000.00"
P177,Instagram,10-07-2024,Carousel,Check out our latest carousel on instagram!,3099.00,694.00,171.00,43386.00,42921.00,52.00,#PepsiCoRefresh,NewYearRefresh,3964.00,9.14%,SummerSplash,15-06-2024,15-07-2024,"? 1,50,000.00"
P178,Instagram,07-11-2024,Video,Check out our latest video on instagram!,129.00,643.00,136.00,1290.00,839.00,238.00,#PepsiCoRefresh,DailyWellness,908.00,70.39%,No Campaign,,,
P179,Facebook,15-07-2024,Carousel,Check out our latest carousel on facebook!,3796.00,667.00,395.00,64532.00,63550.00,292.00,#PepsiCoRefresh,,4858.00,7.53%,SummerSplash,15-06-2024,15-07-2024,"? 1,50,000.00"
P180,YouTube,03-12-2024,Text,Check out our latest text on youtube!,3711.00,352.00,290.00,48243.00,47579.00,11.00,#PepsiCoRefresh,SummerSplash,4353.00,9.02%,No Campaign,,,
P181,YouTube,21-03-2025,Image,Check out our latest image on youtube!,606.00,789.00,470.00,7878.00,7389.00,239.00,#ThirstyForMore,NewYearRefresh,1865.00,23.67%,DailyWellness,01-03-2025,31-03-2025,"? 1,80,000.00"
P182,Facebook,31-07-2024,Image,Check out our latest image on facebook!,4689.00,134.00,403.00,51579.00,50924.00,173.00,#PepsiCoRefresh,DailyWellness,5226.00,10.13%,No Campaign,,,
P183,Instagram,17-12-2024,Story,Check out our latest story on instagram!,360.00,590.00,393.00,4680.00,4322.00,208.00,#LiveForNow,FestiveRadiance,1343.00,28.70%,No Campaign,,,
P184,Twitter,28-07-2024,Image,Check out our latest image on twitter!,3215.00,960.00,202.00,32150.00,31404.00,251.00,#ThirstyForMore,SummerSplash,4377.00,13.61%,No Campaign,,,
P185,Instagram,11-01-2025,Carousel,Check out our latest carousel on instagram!,4523.00,61.00,157.00,49753.00,49329.00,71.00,#ThirstyForMore,,4741.00,9.53%,No Campaign,,,
P186,Facebook,24-08-2024,Carousel,Check out our latest carousel on facebook!,4292.00,51.00,392.00,55796.00,54826.00,264.00,#ThirstyForMore,NewYearRefresh,4735.00,8.49%,No Campaign,,,
P187,Twitter,22-12-2024,Reel,Check out our latest reel on twitter!,1644.00,546.00,150.00,27948.00,27184.00,300.00,#ThirstyForMore,NewYearRefresh,2340.00,8.37%,No Campaign,,,
P188,YouTube,06-06-2024,Reel,Check out our latest reel on youtube!,2728.00,533.00,215.00,40920.00,40816.00,137.00,#LiveForNow,FestiveRadiance,3476.00,8.49%,No Campaign,,,
P189,Facebook,24-03-2025,Reel,Check out our latest reel on facebook!,3360.00,525.00,500.00,60480.00,59610.00,192.00,#PepsiCoRefresh,SummerSplash,4385.00,7.25%,DailyWellness,01-03-2025,31-03-2025,"? 1,80,000.00"
P190,YouTube,04-10-2024,Text,Check out our latest text on youtube!,1963.00,213.00,19.00,39260.00,38771.00,145.00,#LiveForNow,,2195.00,5.59%,FestiveRadiance,01-10-2024,31-10-2024,"? 2,00,000.00"
P191,YouTube,03-12-2024,Story,Check out our latest story on youtube!,4285.00,886.00,376.00,55705.00,55556.00,51.00,#LiveForNow,NewYearRefresh,5547.00,9.96%,No Campaign,,,
P192,Instagram,29-11-2024,Video,Check out our latest video on instagram!,1176.00,464.00,394.00,14112.00,13588.00,272.00,#ThirstyForMore,,2034.00,14.41%,No Campaign,,,
P193,Twitter,11-09-2024,Image,Check out our latest image on twitter!,4858.00,317.00,129.00,53438.00,52687.00,223.00,#ThirstyForMore,NewYearRefresh,5304.00,9.93%,No Campaign,,,
P194,YouTube,02-10-2024,Story,Check out our latest story on youtube!,4350.00,771.00,7.00,60900.00,60592.00,195.00,#ThirstyForMore,SummerSplash,5128.00,8.42%,FestiveRadiance,01-10-2024,31-10-2024,"? 2,00,000.00"
P195,Instagram,15-08-2024,Carousel,Check out our latest carousel on instagram!,914.00,464.00,246.00,11882.00,11500.00,282.00,#LiveForNow,DailyWellness,1624.00,13.67%,No Campaign,,,
P195,Instagram,15-08-2024,Carousel,Check out our latest carousel on instagram!,914.00,464.00,246.00,11882.00,11500.00,282.00,#PepsiCoRefresh,DailyWellness,1624.00,13.67%,No Campaign,,,
P195,Instagram,15-08-2024,Carousel,Check out our latest carousel on instagram!,914.00,464.00,246.00,11882.00,11500.00,282.00,#AnytimeIsPepsiTime,DailyWellness,1624.00,13.67%,No Campaign,,,
P196,Instagram,19-12-2024,Text,Check out our latest text on instagram!,1813.00,623.00,72.00,19943.00,18959.00,85.00,#ThirstyForMore,NewYearRefresh,2508.00,12.58%,No Campaign,,,
P197,Twitter,22-10-2024,Reel,Check out our latest reel on twitter!,4782.00,721.00,82.00,86076.00,85339.00,19.00,#ThirstyForMore,SummerSplash,5585.00,6.49%,FestiveRadiance,01-10-2024,31-10-2024,"? 2,00,000.00"
P198,Twitter,14-09-2024,Image,Check out our latest image on twitter!,1048.00,374.00,450.00,9432.00,8882.00,158.00,#PepsiCoRefresh,NewYearRefresh,1872.00,19.85%,No Campaign,,,
P199,YouTube,30-11-2024,Carousel,Check out our latest carousel on youtube!,2509.00,324.00,171.00,35126.00,34685.00,277.00,#PepsiCoRefresh,FestiveRadiance,3004.00,8.55%,No Campaign,,,
P200,Facebook,07-04-2025,Reel,Check out our latest reel on facebook!,3718.00,385.00,310.00,70642.00,69749.00,233.00,#PepsiCoRefresh,FestiveRadiance,4413.00,6.25%,No Campaign,,,
P201,Twitter,15-01-2025,Reel,Check out our latest reel on twitter!,802.00,262.00,244.00,14436.00,14280.00,49.00,#ThirstyForMore,SummerSplash,1308.00,9.06%,No Campaign,,,
P202,Facebook,02-06-2024,Image,Check out our latest image on facebook!,1871.00,252.00,335.00,29936.00,29576.00,288.00,#ThirstyForMore,NewYearRefresh,2458.00,8.21%,No Campaign,,,
P203,Instagram,21-11-2024,Carousel,Check out our latest carousel on instagram!,3773.00,299.00,38.00,71687.00,71447.00,286.00,#LiveForNow,SummerSplash,4110.00,5.73%,No Campaign,,,
P204,Instagram,01-01-2025,Carousel,Check out our latest carousel on instagram!,2234.00,653.00,432.00,11170.00,10569.00,198.00,#LiveForNow,NewYearRefresh,3319.00,29.71%,NewYearRefresh,25-12-2024,10-01-2025,"? 2,50,000.00"
P205,Twitter,24-04-2025,Video,Check out our latest video on twitter!,3820.00,697.00,268.00,45840.00,45631.00,171.00,#PepsiCoRefresh,DailyWellness,4785.00,10.44%,No Campaign,,,
P205,Twitter,24-04-2025,Video,Check out our latest video on twitter!,3820.00,697.00,268.00,45840.00,45631.00,171.00,#SmoothLikeNitroPepsi,DailyWellness,4785.00,10.44%,No Campaign,,,
P206,Twitter,24-06-2024,Text,Check out our latest text on twitter!,941.00,121.00,458.00,14115.00,13838.00,87.00,#ThirstyForMore,SummerSplash,1520.00,10.77%,SummerSplash,15-06-2024,15-07-2024,"? 1,50,000.00"
P207,Twitter,29-12-2024,Carousel,Check out our latest carousel on twitter!,4274.00,340.00,281.00,34192.00,33446.00,129.00,#PepsiCoRefresh,NewYearRefresh,4895.00,14.32%,NewYearRefresh,25-12-2024,10-01-2025,"? 2,50,000.00"
P207,Twitter,29-12-2024,Carousel,Check out our latest carousel on twitter!,4274.00,340.00,281.00,34192.00,33446.00,129.00,#SmoothLikeNitroPepsi,NewYearRefresh,4895.00,14.32%,NewYearRefresh,25-12-2024,10-01-2025,"? 2,50,000.00"
P208,YouTube,24-06-2024,Video,Check out our latest video on youtube!,2949.00,476.00,403.00,44235.00,43705.00,135.00,#PepsiCoRefresh,FestiveRadiance,3828.00,8.65%,SummerSplash,15-06-2024,15-07-2024,"? 1,50,000.00"
P209,Twitter,19-03-2025,Video,Check out our latest video on twitter!,3160.00,204.00,297.00,44240.00,43666.00,49.00,#LiveForNow,DailyWellness,3661.00,8.28%,DailyWellness,01-03-2025,31-03-2025,"? 1,80,000.00"
P209,Twitter,19-03-2025,Video,Check out our latest video on twitter!,3160.00,204.00,297.00,44240.00,43666.00,49.00,#AnytimeIsPepsiTime,DailyWellness,3661.00,8.28%,DailyWellness,01-03-2025,31-03-2025,"? 1,80,000.00"
P210,YouTube,19-02-2025,Image,Check out our latest image on youtube!,257.00,966.00,398.00,3341.00,2753.00,287.00,#LiveForNow,SummerSplash,1621.00,48.52%,No Campaign,,,
P211,Twitter,18-07-2024,Carousel,Check out our latest carousel on twitter!,2120.00,38.00,212.00,12720.00,12564.00,21.00,#LiveForNow,DailyWellness,2370.00,18.63%,No Campaign,,,
P212,YouTube,03-03-2025,Video,Check out our latest video on youtube!,3874.00,884.00,19.00,38740.00,38552.00,219.00,#PepsiCoRefresh,FestiveRadiance,4777.00,12.33%,DailyWellness,01-03-2025,31-03-2025,"? 1,80,000.00"
P213,Facebook,01-05-2025,Carousel,Check out our latest carousel on facebook!,2696.00,628.00,443.00,45832.00,45632.00,248.00,#ThirstyForMore,DailyWellness,3767.00,8.22%,No Campaign,,,
P214,Instagram,23-12-2024,Image,Check out our latest image on instagram!,521.00,746.00,315.00,4168.00,3399.00,282.00,#LiveForNow,FestiveRadiance,1582.00,37.96%,No Campaign,,,
P215,Facebook,06-05-2025,Image,Check out our latest image on facebook!,4872.00,925.00,176.00,82824.00,82543.00,89.00,#ThirstyForMore,FestiveRadiance,5973.00,7.21%,No Campaign,,,
P216,YouTube,29-07-2024,Story,Check out our latest story on youtube!,1509.00,88.00,163.00,30180.00,29689.00,119.00,#ThirstyForMore,FestiveRadiance,1760.00,5.83%,No Campaign,,,
P217,Facebook,03-12-2024,Image,Check out our latest image on facebook!,4606.00,931.00,230.00,92120.00,91440.00,56.00,#PepsiCoRefresh,,5767.00,6.26%,No Campaign,,,
P218,Facebook,11-06-2024,Carousel,Check out our latest carousel on facebook!,1869.00,453.00,490.00,14952.00,14309.00,275.00,#PepsiCoRefresh,DailyWellness,2812.00,18.81%,No Campaign,,,
P219,Twitter,28-01-2025,Reel,Check out our latest reel on twitter!,1188.00,470.00,174.00,7128.00,6145.00,270.00,#PepsiCoRefresh,DailyWellness,1832.00,25.70%,No Campaign,,,
P220,Instagram,02-06-2024,Story,Check out our latest story on instagram!,84.00,897.00,85.00,588.00,8.00,12.00,#ThirstyForMore,,1066.00,181.29%,No Campaign,,,
P221,Facebook,23-03-2025,Video,Check out our latest video on facebook!,4453.00,111.00,420.00,31171.00,30565.00,23.00,#PepsiCoRefresh,,4984.00,15.99%,DailyWellness,01-03-2025,31-03-2025,"? 1,80,000.00"
P222,Facebook,08-10-2024,Reel,Check out our latest reel on facebook!,1814.00,653.00,363.00,25396.00,25286.00,39.00,#LiveForNow,SummerSplash,2830.00,11.14%,FestiveRadiance,01-10-2024,31-10-2024,"? 2,00,000.00"
P222,Facebook,08-10-2024,Reel,Check out our latest reel on facebook!,1814.00,653.00,363.00,25396.00,25286.00,39.00,#SmoothLikeNitroPepsi,SummerSplash,2830.00,11.14%,FestiveRadiance,01-10-2024,31-10-2024,"? 2,00,000.00"
P223,Twitter,12-11-2024,Image,Check out our latest image on twitter!,3338.00,277.00,118.00,60084.00,59842.00,252.00,#PepsiCoRefresh,,3733.00,6.21%,No Campaign,,,
P224,Facebook,13-05-2025,Image,Check out our latest image on facebook!,602.00,594.00,156.00,4214.00,3363.00,164.00,#PepsiCoRefresh,NewYearRefresh,1352.00,32.08%,No Campaign,,,
P225,Twitter,20-06-2024,Carousel,Check out our latest carousel on twitter!,4672.00,325.00,32.00,88768.00,87833.00,118.00,#ThirstyForMore,,5029.00,5.67%,SummerSplash,15-06-2024,15-07-2024,"? 1,50,000.00"
P226,Instagram,07-08-2024,Carousel,Check out our latest carousel on instagram!,1741.00,164.00,318.00,8705.00,8272.00,121.00,#PepsiCoRefresh,,2223.00,25.54%,No Campaign,,,
P227,Instagram,12-06-2024,Text,Check out our latest text on instagram!,246.00,149.00,130.00,4674.00,4390.00,217.00,#LiveForNow,NewYearRefresh,525.00,11.23%,No Campaign,,,
P228,Instagram,01-07-2024,Story,Check out our latest story on instagram!,4808.00,772.00,320.00,72120.00,71696.00,195.00,#ThirstyForMore,SummerSplash,5900.00,8.18%,SummerSplash,15-06-2024,15-07-2024,"? 1,50,000.00"
P229,Instagram,03-07-2024,Carousel,Check out our latest carousel on instagram!,4799.00,694.00,289.00,43191.00,42228.00,118.00,#PepsiCoRefresh,,5782.00,13.39%,SummerSplash,15-06-2024,15-07-2024,"? 1,50,000.00"
P230,Facebook,15-07-2024,Reel,Check out our latest reel on facebook!,3663.00,17.00,295.00,51282.00,50567.00,84.00,#ThirstyForMore,NewYearRefresh,3975.00,7.75%,SummerSplash,15-06-2024,15-07-2024,"? 1,50,000.00"
P231,Instagram,01-05-2025,Text,Check out our latest text on instagram!,1430.00,376.00,33.00,21450.00,20509.00,251.00,#LiveForNow,SummerSplash,1839.00,8.57%,No Campaign,,,
P232,Twitter,29-04-2025,Story,Check out our latest story on twitter!,249.00,592.00,230.00,1494.00,1044.00,201.00,#ThirstyForMore,DailyWellness,1071.00,71.69%,No Campaign,,,
P233,Facebook,08-03-2025,Image,Check out our latest image on facebook!,2382.00,265.00,134.00,38112.00,37437.00,249.00,#LiveForNow,DailyWellness,2781.00,7.30%,DailyWellness,01-03-2025,31-03-2025,"? 1,80,000.00"
P234,Facebook,01-06-2024,Text,Check out our latest text on facebook!,1272.00,465.00,99.00,24168.00,23719.00,42.00,#PepsiCoRefresh,,1836.00,7.60%,No Campaign,,,
P235,Facebook,22-12-2024,Image,Check out our latest image on facebook!,3196.00,941.00,376.00,35156.00,34444.00,241.00,#PepsiCoRefresh,NewYearRefresh,4513.00,12.84%,No Campaign,,,
P236,Facebook,19-08-2024,Text,Check out our latest text on facebook!,1257.00,19.00,351.00,12570.00,11660.00,194.00,#LiveForNow,FestiveRadiance,1627.00,12.94%,No Campaign,,,
P236,Facebook,19-08-2024,Text,Check out our latest text on facebook!,1257.00,19.00,351.00,12570.00,11660.00,194.00,#AnytimeIsPepsiTime,FestiveRadiance,1627.00,12.94%,No Campaign,,,
P236,Facebook,19-08-2024,Text,Check out our latest text on facebook!,1257.00,19.00,351.00,12570.00,11660.00,194.00,#ThirstyForMore,FestiveRadiance,1627.00,12.94%,No Campaign,,,
P237,Instagram,22-10-2024,Story,Check out our latest story on instagram!,3770.00,917.00,129.00,71630.00,71322.00,76.00,#LiveForNow,SummerSplash,4816.00,6.72%,FestiveRadiance,01-10-2024,31-10-2024,"? 2,00,000.00"
P238,Twitter,16-07-2024,Text,Check out our latest text on twitter!,4725.00,400.00,362.00,75600.00,74927.00,43.00,#LiveForNow,DailyWellness,5487.00,7.26%,No Campaign,,,
P239,YouTube,24-02-2025,Text,Check out our latest text on youtube!,4188.00,942.00,118.00,20940.00,20471.00,102.00,#LiveForNow,,5248.00,25.06%,No Campaign,,,
P240,Twitter,26-08-2024,Carousel,Check out our latest carousel on twitter!,929.00,192.00,322.00,16722.00,15996.00,145.00,#ThirstyForMore,NewYearRefresh,1443.00,8.63%,No Campaign,,,
P240,Twitter,26-08-2024,Carousel,Check out our latest carousel on twitter!,929.00,192.00,322.00,16722.00,15996.00,145.00,#PepsiCoRefresh,NewYearRefresh,1443.00,8.63%,No Campaign,,,
P240,Twitter,26-08-2024,Carousel,Check out our latest carousel on twitter!,929.00,192.00,322.00,16722.00,15996.00,145.00,#AnytimeIsPepsiTime,NewYearRefresh,1443.00,8.63%,No Campaign,,,
P241,Facebook,18-01-2025,Story,Check out our latest story on facebook!,4321.00,874.00,172.00,30247.00,29254.00,122.00,#PepsiCoRefresh,DailyWellness,5367.00,17.74%,No Campaign,,,
P242,Facebook,07-07-2024,Reel,Check out our latest reel on facebook!,4767.00,190.00,340.00,28602.00,28044.00,210.00,#ThirstyForMore,NewYearRefresh,5297.00,18.52%,SummerSplash,15-06-2024,15-07-2024,"? 1,50,000.00"
P243,Twitter,06-03-2025,Image,Check out our latest image on twitter!,3592.00,911.00,375.00,50288.00,49490.00,32.00,#LiveForNow,DailyWellness,4878.00,9.70%,DailyWellness,01-03-2025,31-03-2025,"? 1,80,000.00"
P244,YouTube,25-10-2024,Video,Check out our latest video on youtube!,4661.00,935.00,433.00,23305.00,22583.00,63.00,#LiveForNow,NewYearRefresh,6029.00,25.87%,FestiveRadiance,01-10-2024,31-10-2024,"? 2,00,000.00"
P245,Facebook,12-01-2025,Reel,Check out our latest reel on facebook!,4134.00,824.00,99.00,41340.00,41050.00,177.00,#ThirstyForMore,SummerSplash,5057.00,12.23%,No Campaign,,,
P246,Facebook,11-10-2024,Image,Check out our latest image on facebook!,400.00,680.00,434.00,6400.00,5472.00,160.00,#LiveForNow,FestiveRadiance,1514.00,23.66%,FestiveRadiance,01-10-2024,31-10-2024,"? 2,00,000.00"
P247,Facebook,27-08-2024,Reel,Check out our latest reel on facebook!,3960.00,266.00,8.00,35640.00,34850.00,208.00,#LiveForNow,,4234.00,11.88%,No Campaign,,,
P247,Facebook,27-08-2024,Reel,Check out our latest reel on facebook!,3960.00,266.00,8.00,35640.00,34850.00,208.00,#ThirstyForMore,,4234.00,11.88%,No Campaign,,,
P247,Facebook,27-08-2024,Reel,Check out our latest reel on facebook!,3960.00,266.00,8.00,35640.00,34850.00,208.00,#BetterWithPepsi,,4234.00,11.88%,No Campaign,,,
P248,Facebook,02-02-2025,Story,Check out our latest story on facebook!,886.00,126.00,153.00,4430.00,4037.00,212.00,#ThirstyForMore,,1165.00,26.30%,No Campaign,,,
P249,Twitter,18-07-2024,Image,Check out our latest image on twitter!,827.00,77.00,402.00,14886.00,14129.00,254.00,#ThirstyForMore,FestiveRadiance,1306.00,8.77%,No Campaign,,,
P250,Facebook,22-06-2024,Reel,Check out our latest reel on facebook!,3813.00,935.00,274.00,68634.00,68488.00,251.00,#LiveForNow,,5022.00,7.32%,SummerSplash,15-06-2024,15-07-2024,"? 1,50,000.00"
P251,Instagram,27-03-2025,Carousel,Check out our latest carousel on instagram!,1377.00,796.00,387.00,22032.00,21869.00,189.00,#LiveForNow,,2560.00,11.62%,DailyWellness,01-03-2025,31-03-2025,"? 1,80,000.00"
P252,Facebook,28-04-2025,Carousel,Check out our latest carousel on facebook!,2089.00,476.00,69.00,16712.00,16309.00,64.00,#LiveForNow,NewYearRefresh,2634.00,15.76%,No Campaign,,,
P253,Twitter,03-08-2024,Reel,Check out our latest reel on twitter!,3791.00,593.00,228.00,53074.00,52613.00,205.00,#ThirstyForMore,,4612.00,8.69%,No Campaign,,,
P254,Twitter,14-01-2025,Image,Check out our latest image on twitter!,2692.00,115.00,64.00,21536.00,21120.00,224.00,#LiveForNow,FestiveRadiance,2871.00,13.33%,No Campaign,,,
P255,Facebook,03-04-2025,Story,Check out our latest story on facebook!,3767.00,514.00,238.00,37670.00,36807.00,226.00,#LiveForNow,DailyWellness,4519.00,12.00%,No Campaign,,,
P256,YouTube,18-09-2024,Carousel,Check out our latest carousel on youtube!,2143.00,12.00,204.00,40717.00,40125.00,248.00,#ThirstyForMore,FestiveRadiance,2359.00,5.79%,No Campaign,,,
P257,Facebook,06-04-2025,Image,Check out our latest image on facebook!,3090.00,697.00,164.00,49440.00,48524.00,25.00,#ThirstyForMore,FestiveRadiance,3951.00,7.99%,No Campaign,,,
P257,Facebook,06-04-2025,Image,Check out our latest image on facebook!,3090.00,697.00,164.00,49440.00,48524.00,25.00,#ThirstyForMore,FestiveRadiance,3951.00,7.99%,No Campaign,,,
P257,Facebook,06-04-2025,Image,Check out our latest image on facebook!,3090.00,697.00,164.00,49440.00,48524.00,25.00,#BetterWithPepsi,FestiveRadiance,3951.00,7.99%,No Campaign,,,
P258,Instagram,05-08-2024,Story,Check out our latest story on instagram!,3601.00,695.00,75.00,21606.00,21454.00,172.00,#ThirstyForMore,FestiveRadiance,4371.00,20.23%,No Campaign,,,
P259,Facebook,10-02-2025,Text,Check out our latest text on facebook!,562.00,158.00,149.00,3372.00,2940.00,93.00,#PepsiCoRefresh,SummerSplash,869.00,25.77%,No Campaign,,,
P260,Instagram,12-02-2025,Story,Check out our latest story on instagram!,4332.00,771.00,219.00,60648.00,60397.00,10.00,#PepsiCoRefresh,NewYearRefresh,5322.00,8.78%,No Campaign,,,
P260,Instagram,12-02-2025,Story,Check out our latest story on instagram!,4332.00,771.00,219.00,60648.00,60397.00,10.00,#ThirstyForMore,NewYearRefresh,5322.00,8.78%,No Campaign,,,
P260,Instagram,12-02-2025,Story,Check out our latest story on instagram!,4332.00,771.00,219.00,60648.00,60397.00,10.00,#BetterWithPepsi,NewYearRefresh,5322.00,8.78%,No Campaign,,,
P261,Instagram,27-10-2024,Image,Check out our latest image on instagram!,4853.00,837.00,340.00,72795.00,72237.00,170.00,#ThirstyForMore,SummerSplash,6030.00,8.28%,FestiveRadiance,01-10-2024,31-10-2024,"? 2,00,000.00"
P262,YouTube,18-01-2025,Image,Check out our latest image on youtube!,1206.00,238.00,36.00,9648.00,9417.00,237.00,#PepsiCoRefresh,,1480.00,15.34%,No Campaign,,,
P263,Instagram,20-08-2024,Reel,Check out our latest reel on instagram!,2603.00,690.00,205.00,13015.00,12130.00,20.00,#LiveForNow,FestiveRadiance,3498.00,26.88%,No Campaign,,,
P264,Twitter,30-01-2025,Image,Check out our latest image on twitter!,59.00,163.00,93.00,590.00,475.00,293.00,#PepsiCoRefresh,FestiveRadiance,315.00,53.39%,No Campaign,,,
P265,Twitter,20-02-2025,Carousel,Check out our latest carousel on twitter!,1877.00,745.00,225.00,11262.00,10967.00,41.00,#ThirstyForMore,DailyWellness,2847.00,25.28%,No Campaign,,,
P266,Facebook,25-11-2024,Story,Check out our latest story on facebook!,4182.00,640.00,240.00,50184.00,49351.00,10.00,#PepsiCoRefresh,NewYearRefresh,5062.00,10.09%,No Campaign,,,
P267,Twitter,04-10-2024,Reel,Check out our latest reel on twitter!,4187.00,66.00,31.00,66992.00,66614.00,62.00,#LiveForNow,,4284.00,6.39%,FestiveRadiance,01-10-2024,31-10-2024,"? 2,00,000.00"
P268,Instagram,13-04-2025,Reel,Check out our latest reel on instagram!,4579.00,125.00,300.00,59527.00,59400.00,269.00,#ThirstyForMore,SummerSplash,5004.00,8.41%,No Campaign,,,
P269,Instagram,05-11-2024,Video,Check out our latest video on instagram!,4561.00,51.00,441.00,22805.00,21890.00,45.00,#PepsiCoRefresh,FestiveRadiance,5053.00,22.16%,No Campaign,,,
P270,YouTube,15-01-2025,Reel,Check out our latest reel on youtube!,3774.00,239.00,39.00,60384.00,59490.00,241.00,#PepsiCoRefresh,NewYearRefresh,4052.00,6.71%,No Campaign,,,
P271,Instagram,17-10-2024,Video,Check out our latest video on instagram!,3575.00,749.00,111.00,21450.00,20785.00,195.00,#ThirstyForMore,FestiveRadiance,4435.00,20.68%,FestiveRadiance,01-10-2024,31-10-2024,"? 2,00,000.00"
P272,Instagram,27-03-2025,Text,Check out our latest text on instagram!,4941.00,414.00,266.00,39528.00,39154.00,217.00,#PepsiCoRefresh,NewYearRefresh,5621.00,14.22%,DailyWellness,01-03-2025,31-03-2025,"? 1,80,000.00"
P273,YouTube,12-10-2024,Story,Check out our latest story on youtube!,3641.00,226.00,46.00,40051.00,39319.00,296.00,#ThirstyForMore,DailyWellness,3913.00,9.77%,FestiveRadiance,01-10-2024,31-10-2024,"? 2,00,000.00"
P274,Twitter,01-01-2025,Carousel,Check out our latest carousel on twitter!,3535.00,494.00,152.00,53025.00,52791.00,44.00,#PepsiCoRefresh,DailyWellness,4181.00,7.88%,NewYearRefresh,25-12-2024,10-01-2025,"? 2,50,000.00"
P275,Facebook,05-08-2024,Reel,Check out our latest reel on facebook!,1741.00,831.00,345.00,17410.00,16844.00,58.00,#ThirstyForMore,NewYearRefresh,2917.00,16.75%,No Campaign,,,
P276,Twitter,07-06-2024,Carousel,Check out our latest carousel on twitter!,1556.00,195.00,131.00,9336.00,8875.00,137.00,#PepsiCoRefresh,FestiveRadiance,1882.00,20.16%,No Campaign,,,
P277,Facebook,06-04-2025,Image,Check out our latest image on facebook!,4236.00,711.00,298.00,21180.00,20516.00,238.00,#LiveForNow,SummerSplash,5245.00,24.76%,No Campaign,,,
P278,Twitter,26-11-2024,Text,Check out our latest text on twitter!,4516.00,836.00,169.00,49676.00,49257.00,282.00,#ThirstyForMore,DailyWellness,5521.00,11.11%,No Campaign,,,
P279,YouTube,02-09-2024,Image,Check out our latest image on youtube!,4905.00,845.00,129.00,98100.00,97772.00,279.00,#PepsiCoRefresh,FestiveRadiance,5879.00,5.99%,No Campaign,,,
P280,YouTube,21-10-2024,Video,Check out our latest video on youtube!,4275.00,680.00,385.00,64125.00,63650.00,104.00,#ThirstyForMore,DailyWellness,5340.00,8.33%,FestiveRadiance,01-10-2024,31-10-2024,"? 2,00,000.00"
P280,YouTube,21-10-2024,Video,Check out our latest video on youtube!,4275.00,680.00,385.00,64125.00,63650.00,104.00,#PepsiCoRefresh,DailyWellness,5340.00,8.33%,FestiveRadiance,01-10-2024,31-10-2024,"? 2,00,000.00"
P280,YouTube,21-10-2024,Video,Check out our latest video on youtube!,4275.00,680.00,385.00,64125.00,63650.00,104.00,#AnytimeIsPepsiTime,DailyWellness,5340.00,8.33%,FestiveRadiance,01-10-2024,31-10-2024,"? 2,00,000.00"
P281,YouTube,22-03-2025,Image,Check out our latest image on youtube!,3166.00,90.00,341.00,56988.00,56125.00,135.00,#ThirstyForMore,FestiveRadiance,3597.00,6.31%,DailyWellness,01-03-2025,31-03-2025,"? 1,80,000.00"
P282,Instagram,03-10-2024,Video,Check out our latest video on instagram!,1488.00,417.00,168.00,19344.00,18395.00,30.00,#LiveForNow,NewYearRefresh,2073.00,10.72%,FestiveRadiance,01-10-2024,31-10-2024,"? 2,00,000.00"
P283,Twitter,09-05-2025,Reel,Check out our latest reel on twitter!,3367.00,302.00,57.00,63973.00,63789.00,157.00,#LiveForNow,FestiveRadiance,3726.00,5.82%,No Campaign,,,
P284,Twitter,17-09-2024,Text,Check out our latest text on twitter!,571.00,190.00,352.00,9707.00,9418.00,231.00,#PepsiCoRefresh,DailyWellness,1113.00,11.47%,No Campaign,,,
P285,YouTube,18-07-2024,Text,Check out our latest text on youtube!,4021.00,794.00,77.00,36189.00,35505.00,174.00,#ThirstyForMore,,4892.00,13.52%,No Campaign,,,
P286,YouTube,25-09-2024,Video,Check out our latest video on youtube!,3389.00,344.00,229.00,20334.00,19443.00,228.00,#LiveForNow,NewYearRefresh,3962.00,19.48%,No Campaign,,,
P287,Instagram,15-08-2024,Reel,Check out our latest reel on instagram!,1164.00,616.00,324.00,6984.00,6636.00,82.00,#ThirstyForMore,SummerSplash,2104.00,30.13%,No Campaign,,,
P288,YouTube,17-04-2025,Carousel,Check out our latest carousel on youtube!,4780.00,691.00,380.00,86040.00,85743.00,262.00,#LiveForNow,NewYearRefresh,5851.00,6.80%,No Campaign,,,
P289,Facebook,28-11-2024,Carousel,Check out our latest carousel on facebook!,2751.00,33.00,430.00,44016.00,43415.00,129.00,#LiveForNow,,3214.00,7.30%,No Campaign,,,
P290,Instagram,20-12-2024,Carousel,Check out our latest carousel on instagram!,2107.00,550.00,349.00,35819.00,35340.00,191.00,#ThirstyForMore,DailyWellness,3006.00,8.39%,No Campaign,,,
P291,Facebook,06-11-2024,Video,Check out our latest video on facebook!,4663.00,145.00,225.00,69945.00,69596.00,35.00,#ThirstyForMore,DailyWellness,5033.00,7.20%,No Campaign,,,
P292,Facebook,17-11-2024,Text,Check out our latest text on facebook!,880.00,297.00,345.00,12320.00,11978.00,238.00,#PepsiCoRefresh,,1522.00,12.35%,No Campaign,,,
P292,Facebook,17-11-2024,Text,Check out our latest text on facebook!,880.00,297.00,345.00,12320.00,11978.00,238.00,#AnytimeIsPepsiTime,,1522.00,12.35%,No Campaign,,,
P293,Facebook,14-05-2025,Text,Check out our latest text on facebook!,2634.00,726.00,241.00,28974.00,28102.00,277.00,#ThirstyForMore,SummerSplash,3601.00,12.43%,No Campaign,,,
P294,Facebook,19-06-2024,Carousel,Check out our latest carousel on facebook!,4731.00,173.00,276.00,28386.00,28185.00,89.00,#ThirstyForMore,NewYearRefresh,5180.00,18.25%,SummerSplash,15-06-2024,15-07-2024,"? 1,50,000.00"
P295,Twitter,06-05-2025,Image,Check out our latest image on twitter!,1952.00,344.00,287.00,15616.00,15403.00,235.00,#LiveForNow,FestiveRadiance,2583.00,16.54%,No Campaign,,,
P295,Twitter,06-05-2025,Image,Check out our latest image on twitter!,1952.00,344.00,287.00,15616.00,15403.00,235.00,#PepsiCoRefresh,FestiveRadiance,2583.00,16.54%,No Campaign,,,
P295,Twitter,06-05-2025,Image,Check out our latest image on twitter!,1952.00,344.00,287.00,15616.00,15403.00,235.00,#AnytimeIsPepsiTime,FestiveRadiance,2583.00,16.54%,No Campaign,,,
P296,Twitter,11-02-2025,Video,Check out our latest video on twitter!,3440.00,13.00,20.00,58480.00,58146.00,210.00,#PepsiCoRefresh,DailyWellness,3473.00,5.94%,No Campaign,,,
P296,Twitter,11-02-2025,Video,Check out our latest video on twitter!,3440.00,13.00,20.00,58480.00,58146.00,210.00,#SmoothLikeNitroPepsi,DailyWellness,3473.00,5.94%,No Campaign,,,
P297,Twitter,24-12-2024,Text,Check out our latest text on twitter!,2166.00,354.00,117.00,10830.00,10245.00,24.00,#ThirstyForMore,DailyWellness,2637.00,24.35%,No Campaign,,,
P298,Facebook,24-10-2024,Image,Check out our latest image on facebook!,4303.00,451.00,286.00,86060.00,85823.00,14.00,#PepsiCoRefresh,NewYearRefresh,5040.00,5.86%,FestiveRadiance,01-10-2024,31-10-2024,"? 2,00,000.00"
P299,Facebook,26-08-2024,Image,Check out our latest image on facebook!,2581.00,517.00,117.00,23229.00,22331.00,70.00,#LiveForNow,NewYearRefresh,3215.00,13.84%,No Campaign,,,
P300,Twitter,31-08-2024,Carousel,Check out our latest carousel on twitter!,4494.00,717.00,45.00,62916.00,62688.00,191.00,#PepsiCoRefresh,SummerSplash,5256.00,8.35%,No Campaign,,,
P300,Twitter,31-08-2024,Carousel,Check out our latest carousel on twitter!,4494.00,717.00,45.00,62916.00,62688.00,191.00,#ThirstyForMore,SummerSplash,5256.00,8.35%,No Campaign,,,
P300,Twitter,31-08-2024,Carousel,Check out our latest carousel on twitter!,4494.00,717.00,45.00,62916.00,62688.00,191.00,#BetterWithPepsi,SummerSplash,5256.00,8.35%,No Campaign,,,
