Post ID,Platform,Date,Content Type,Post Text,Likes,Shares,Comments,Impressions,Reach,Clicks,Hashtags Used,Campaign_Name,Total Engagement ,Engagement Rate,Campaign_Name2,Start Date,End Date,Budget,Per-Post Budget
P001,Twitter,23-12-2024,Reel,Check out our latest reel on twitter!,1461,184,344,21915,21675,15,"#LiveForNow,#AnytimeIsPepsiTime",SummerSplash,1989,9.08%,No Campaign,#N/A,#N/A,#N/A,0
P002,Twitter,03-04-2025,Text,Check out our latest text on twitter!,4054,389,493,64864,64383,117,"#PepsiCoRefresh,#BetterWithPepsi",FestiveRadiance,4936,7.61%,No Campaign,#N/A,#N/A,#N/A,0
P003,YouTube,12-05-2025,Reel,Check out our latest reel on youtube!,2795,105,49,53105,52307,204,#PepsiCoRefresh,NewYearRefresh,2949,5.55%,No Campaign,#N/A,#N/A,#N/A,0
P004,Instagram,12-08-2024,Story,Check out our latest story on instagram!,2404,363,138,19232,18636,128,#ThirstyForMore,DailyWellness,2905,15.11%,No Campaign,#N/A,#N/A,#N/A,0
P005,YouTube,26-06-2024,Reel,Check out our latest reel on youtube!,3557,687,424,71140,70701,224,"#ThirstyForMore,#PepsiCoRefresh",SummerSplash,4668,6.56%,SummerSplash,15-06-2024,15-07-2024,150000,5555.555556
P006,Facebook,31-10-2024,Carousel,Check out our latest carousel on facebook!,2945,930,355,23560,23275,256,#PepsiCoRefresh,FestiveRadiance,4230,17.95%,FestiveRadiance,01-10-2024,31-10-2024,200000,5714.285714
P007,Twitter,24-06-2024,Carousel,Check out our latest carousel on twitter!,3860,201,279,61760,61660,235,#PepsiCoRefresh,FestiveRadiance,4340,7.03%,SummerSplash,15-06-2024,15-07-2024,150000,5555.555556
P008,YouTube,13-07-2024,Image,Check out our latest image on youtube!,3929,262,278,43219,42841,39,#ThirstyForMore,DailyWellness,4469,10.34%,SummerSplash,15-06-2024,15-07-2024,150000,5555.555556
P009,Facebook,30-08-2024,Text,Check out our latest text on facebook!,3784,808,404,56760,56343,131,#PepsiCoRefresh,FestiveRadiance,4996,8.80%,No Campaign,#N/A,#N/A,#N/A,0
P010,Facebook,11-03-2025,Image,Check out our latest image on facebook!,4241,902,47,72097,71598,167,#PepsiCoRefresh,FestiveRadiance,5190,7.20%,DailyWellness,01-03-2025,31-03-2025,180000,5625
P011,Instagram,02-02-2025,Story,Check out our latest story on instagram!,1792,614,497,25088,24675,65,#LiveForNow,DailyWellness,2903,11.57%,No Campaign,#N/A,#N/A,#N/A,0
P012,Facebook,21-07-2024,Reel,Check out our latest reel on facebook!,1946,686,377,23352,22982,213,#LiveForNow,NewYearRefresh,3009,12.89%,No Campaign,#N/A,#N/A,#N/A,0
P013,YouTube,18-11-2024,Carousel,Check out our latest carousel on youtube!,1171,286,231,22249,21282,114,#ThirstyForMore,SummerSplash,1688,7.59%,No Campaign,#N/A,#N/A,#N/A,0
P014,Facebook,16-02-2025,Story,Check out our latest story on facebook!,4242,555,131,33936,33802,265,#LiveForNow,,4928,14.52%,No Campaign,#N/A,#N/A,#N/A,0
P015,Facebook,24-10-2024,Video,Check out our latest video on facebook!,3888,604,128,77760,77167,20,#LiveForNow,SummerSplash,4620,5.94%,FestiveRadiance,01-10-2024,31-10-2024,200000,5714.285714
P016,Facebook,26-08-2024,Text,Check out our latest text on facebook!,3452,377,360,55232,55075,87,#LiveForNow,NewYearRefresh,4189,7.58%,No Campaign,#N/A,#N/A,#N/A,0
P017,Facebook,05-05-2025,Text,Check out our latest text on facebook!,4441,511,70,53292,53082,159,#ThirstyForMore,DailyWellness,5022,9.42%,No Campaign,#N/A,#N/A,#N/A,0
P018,Instagram,19-08-2024,Reel,Check out our latest reel on instagram!,3000,382,325,36000,35819,19,#LiveForNow,SummerSplash,3707,10.30%,No Campaign,#N/A,#N/A,#N/A,0
P019,Instagram,23-06-2024,Video,Check out our latest video on instagram!,1071,519,22,16065,15865,103,#PepsiCoRefresh,DailyWellness,1612,10.03%,SummerSplash,15-06-2024,15-07-2024,150000,5555.555556
P020,Instagram,09-09-2024,Carousel,Check out our latest carousel on instagram!,4054,488,373,77026,76881,25,#PepsiCoRefresh,SummerSplash,4915,6.38%,No Campaign,#N/A,#N/A,#N/A,0
P021,Instagram,04-01-2025,Reel,Check out our latest reel on instagram!,4838,640,128,72570,72396,83,#LiveForNow,DailyWellness,5606,7.72%,NewYearRefresh,25-12-2024,10-01-2025,250000,25000
P022,Facebook,27-02-2025,Text,Check out our latest text on facebook!,1570,187,260,25120,24613,133,#PepsiCoRefresh,DailyWellness,2017,8.03%,No Campaign,#N/A,#N/A,#N/A,0
P023,Facebook,06-11-2024,Video,Check out our latest video on facebook!,1606,547,316,32120,31736,225,"#PepsiCoRefresh,#AnytimeIsPepsiTime",FestiveRadiance,2469,7.69%,No Campaign,#N/A,#N/A,#N/A,0
P024,Facebook,23-01-2025,Video,Check out our latest video on facebook!,3961,761,131,67337,66615,161,#LiveForNow,NewYearRefresh,4853,7.21%,No Campaign,#N/A,#N/A,#N/A,0
P025,Twitter,10-04-2025,Carousel,Check out our latest carousel on twitter!,3128,211,197,59432,59182,238,#ThirstyForMore,,3536,5.95%,No Campaign,#N/A,#N/A,#N/A,0
P026,YouTube,05-04-2025,Reel,Check out our latest reel on youtube!,3009,413,358,42126,41309,211,#LiveForNow,FestiveRadiance,3780,8.97%,No Campaign,#N/A,#N/A,#N/A,0
P027,YouTube,17-09-2024,Text,Check out our latest text on youtube!,2076,195,104,33216,32244,51,#LiveForNow,DailyWellness,2375,7.15%,No Campaign,#N/A,#N/A,#N/A,0
P028,Instagram,04-03-2025,Video,Check out our latest video on instagram!,432,624,123,6912,6259,79,#LiveForNow,DailyWellness,1179,17.06%,DailyWellness,01-03-2025,31-03-2025,180000,5625
P029,Instagram,31-01-2025,Carousel,Check out our latest carousel on instagram!,2566,118,37,12830,12264,221,#LiveForNow,NewYearRefresh,2721,21.21%,No Campaign,#N/A,#N/A,#N/A,0
P030,Instagram,25-02-2025,Video,Check out our latest video on instagram!,3095,39,78,55710,54808,93,#ThirstyForMore,,3212,5.77%,No Campaign,#N/A,#N/A,#N/A,0
P031,Instagram,16-12-2024,Text,Check out our latest text on instagram!,438,153,275,3066,2701,282,#PepsiCoRefresh,FestiveRadiance,866,28.25%,No Campaign,#N/A,#N/A,#N/A,0
P032,Twitter,31-07-2024,Carousel,Check out our latest carousel on twitter!,2278,10,321,13668,12676,275,#ThirstyForMore,SummerSplash,2609,19.09%,No Campaign,#N/A,#N/A,#N/A,0
P033,Facebook,21-08-2024,Image,Check out our latest image on facebook!,1407,400,351,16884,15954,113,#PepsiCoRefresh,SummerSplash,2158,12.78%,No Campaign,#N/A,#N/A,#N/A,0
P034,Facebook,26-03-2025,Text,Check out our latest text on facebook!,1652,89,357,29736,28771,215,#PepsiCoRefresh,NewYearRefresh,2098,7.06%,DailyWellness,01-03-2025,31-03-2025,180000,5625
P035,Instagram,30-11-2024,Video,Check out our latest video on instagram!,3775,16,239,33975,33310,271,#LiveForNow,FestiveRadiance,4030,11.86%,No Campaign,#N/A,#N/A,#N/A,0
P036,Instagram,19-04-2025,Story,Check out our latest story on instagram!,4518,285,383,67770,67621,31,#ThirstyForMore,FestiveRadiance,5186,7.65%,No Campaign,#N/A,#N/A,#N/A,0
P037,Facebook,06-01-2025,Carousel,Check out our latest carousel on facebook!,3024,925,350,24192,23518,36,#ThirstyForMore,FestiveRadiance,4299,17.77%,NewYearRefresh,25-12-2024,10-01-2025,250000,25000
P038,YouTube,17-02-2025,Reel,Check out our latest reel on youtube!,3138,123,291,28242,27550,87,#PepsiCoRefresh,DailyWellness,3552,12.58%,No Campaign,#N/A,#N/A,#N/A,0
P039,Facebook,25-11-2024,Image,Check out our latest image on facebook!,3564,629,177,60588,59627,92,#PepsiCoRefresh,,4370,7.21%,No Campaign,#N/A,#N/A,#N/A,0
P040,Twitter,07-03-2025,Image,Check out our latest image on twitter!,4750,151,415,38000,37792,299,#ThirstyForMore,DailyWellness,5316,13.99%,DailyWellness,01-03-2025,31-03-2025,180000,5625
P041,Instagram,08-03-2025,Reel,Check out our latest reel on instagram!,456,629,428,8208,7377,205,#LiveForNow,DailyWellness,1513,18.43%,DailyWellness,01-03-2025,31-03-2025,180000,5625
P042,YouTube,05-03-2025,Reel,Check out our latest reel on youtube!,1543,820,333,12344,11496,241,#ThirstyForMore,,2696,21.84%,DailyWellness,01-03-2025,31-03-2025,180000,5625
P043,Instagram,14-12-2024,Carousel,Check out our latest carousel on instagram!,2174,658,15,13044,12206,137,#PepsiCoRefresh,NewYearRefresh,2847,21.83%,No Campaign,#N/A,#N/A,#N/A,0
P044,Twitter,02-03-2025,Image,Check out our latest image on twitter!,2358,784,344,35370,34475,216,#PepsiCoRefresh,,3486,9.86%,DailyWellness,01-03-2025,31-03-2025,180000,5625
P045,Facebook,01-11-2024,Video,Check out our latest video on facebook!,3371,106,327,50565,49816,176,#LiveForNow,SummerSplash,3804,7.52%,No Campaign,#N/A,#N/A,#N/A,0
P046,Twitter,02-05-2025,Video,Check out our latest video on twitter!,1108,177,212,8864,8710,97,#PepsiCoRefresh,DailyWellness,1497,16.89%,No Campaign,#N/A,#N/A,#N/A,0
P047,Twitter,24-02-2025,Carousel,Check out our latest carousel on twitter!,2704,752,153,21632,20792,127,#LiveForNow,,3609,16.68%,No Campaign,#N/A,#N/A,#N/A,0
P048,Twitter,11-03-2025,Story,Check out our latest story on twitter!,1950,295,478,37050,36272,119,#PepsiCoRefresh,,2723,7.35%,DailyWellness,01-03-2025,31-03-2025,180000,5625
P049,Twitter,10-06-2024,Story,Check out our latest story on twitter!,2164,549,274,28132,27361,177,#PepsiCoRefresh,DailyWellness,2987,10.62%,No Campaign,#N/A,#N/A,#N/A,0
P050,YouTube,03-07-2024,Story,Check out our latest story on youtube!,2754,130,90,22032,21288,112,#PepsiCoRefresh,NewYearRefresh,2974,13.50%,SummerSplash,15-06-2024,15-07-2024,150000,5555.555556
P051,Facebook,13-06-2024,Carousel,Check out our latest carousel on facebook!,2200,504,239,37400,36938,225,#LiveForNow,FestiveRadiance,2943,7.87%,No Campaign,#N/A,#N/A,#N/A,0
P052,Facebook,03-01-2025,Image,Check out our latest image on facebook!,947,338,350,10417,9730,34,#PepsiCoRefresh,DailyWellness,1635,15.70%,NewYearRefresh,25-12-2024,10-01-2025,250000,25000
P053,YouTube,24-02-2025,Carousel,Check out our latest carousel on youtube!,804,639,43,4020,3144,11,"#ThirstyForMore,#BetterWithPepsi",,1486,36.97%,No Campaign,#N/A,#N/A,#N/A,0
P054,YouTube,13-03-2025,Carousel,Check out our latest carousel on youtube!,1686,904,472,18546,18171,52,#LiveForNow,FestiveRadiance,3062,16.51%,DailyWellness,01-03-2025,31-03-2025,180000,5625
P055,Facebook,17-06-2024,Image,Check out our latest image on facebook!,1226,119,7,14712,14049,123,#ThirstyForMore,DailyWellness,1352,9.19%,SummerSplash,15-06-2024,15-07-2024,150000,5555.555556
P056,Facebook,18-12-2024,Carousel,Check out our latest carousel on facebook!,2946,498,367,29460,28527,60,#LiveForNow,NewYearRefresh,3811,12.94%,No Campaign,#N/A,#N/A,#N/A,0
P057,Twitter,21-10-2024,Video,Check out our latest video on twitter!,2825,535,295,45200,44739,169,#PepsiCoRefresh,SummerSplash,3655,8.09%,FestiveRadiance,01-10-2024,31-10-2024,200000,5714.285714
P058,Instagram,15-04-2025,Reel,Check out our latest reel on instagram!,103,770,19,1030,410,262,#PepsiCoRefresh,DailyWellness,892,86.60%,No Campaign,#N/A,#N/A,#N/A,0
P059,Instagram,22-06-2024,Text,Check out our latest text on instagram!,2180,263,387,30520,30059,174,#ThirstyForMore,,2830,9.27%,SummerSplash,15-06-2024,15-07-2024,150000,5555.555556
P060,Instagram,28-01-2025,Video,Check out our latest video on instagram!,904,973,63,11752,11580,84,"#ThirstyForMore,#PepsiCoRefresh,#AnytimeIsPepsiTime",NewYearRefresh,1940,16.51%,No Campaign,#N/A,#N/A,#N/A,0
P061,Twitter,05-09-2024,Video,Check out our latest video on twitter!,4886,983,409,43974,43239,65,#PepsiCoRefresh,SummerSplash,6278,14.28%,No Campaign,#N/A,#N/A,#N/A,0
P062,Twitter,22-11-2024,Carousel,Check out our latest carousel on twitter!,53,81,379,954,7,148,#PepsiCoRefresh,NewYearRefresh,513,53.77%,No Campaign,#N/A,#N/A,#N/A,0
P063,Twitter,31-07-2024,Carousel,Check out our latest carousel on twitter!,4507,217,13,90140,89591,125,#LiveForNow,NewYearRefresh,4737,5.26%,No Campaign,#N/A,#N/A,#N/A,0
P064,Facebook,17-08-2024,Image,Check out our latest image on facebook!,2878,248,416,43170,42667,75,#LiveForNow,NewYearRefresh,3542,8.20%,No Campaign,#N/A,#N/A,#N/A,0
P065,Instagram,28-03-2025,Story,Check out our latest story on instagram!,1881,501,99,20691,19987,289,#ThirstyForMore,,2481,11.99%,DailyWellness,01-03-2025,31-03-2025,180000,5625
P066,Twitter,26-07-2024,Carousel,Check out our latest carousel on twitter!,432,171,280,3024,2285,184,#ThirstyForMore,SummerSplash,883,29.20%,No Campaign,#N/A,#N/A,#N/A,0
P067,Facebook,29-03-2025,Carousel,Check out our latest carousel on facebook!,4712,568,127,84816,84691,100,#ThirstyForMore,NewYearRefresh,5407,6.37%,DailyWellness,01-03-2025,31-03-2025,180000,5625
P068,Instagram,08-12-2024,Story,Check out our latest story on instagram!,2610,126,288,15660,15145,73,#ThirstyForMore,,3024,19.31%,No Campaign,#N/A,#N/A,#N/A,0
P069,Twitter,08-03-2025,Text,Check out our latest text on twitter!,1292,626,496,25840,24916,149,#LiveForNow,NewYearRefresh,2414,9.34%,DailyWellness,01-03-2025,31-03-2025,180000,5625
P070,Facebook,02-04-2025,Video,Check out our latest video on facebook!,199,772,400,3582,2988,43,#PepsiCoRefresh,,1371,38.27%,No Campaign,#N/A,#N/A,#N/A,0
P071,YouTube,02-09-2024,Carousel,Check out our latest carousel on youtube!,2551,915,205,30612,30360,227,#PepsiCoRefresh,FestiveRadiance,3671,11.99%,No Campaign,#N/A,#N/A,#N/A,0
P072,YouTube,03-03-2025,Reel,Check out our latest reel on youtube!,296,60,141,5624,5239,88,#ThirstyForMore,FestiveRadiance,497,8.84%,DailyWellness,01-03-2025,31-03-2025,180000,5625
P073,Facebook,18-10-2024,Story,Check out our latest story on facebook!,4126,426,486,78394,77798,88,#LiveForNow,DailyWellness,5038,6.43%,FestiveRadiance,01-10-2024,31-10-2024,200000,5714.285714
P074,YouTube,28-10-2024,Reel,Check out our latest reel on youtube!,1855,200,174,16695,16330,123,#PepsiCoRefresh,NewYearRefresh,2229,13.35%,FestiveRadiance,01-10-2024,31-10-2024,200000,5714.285714
P075,Instagram,01-08-2024,Reel,Check out our latest reel on instagram!,1674,929,37,21762,20998,255,#PepsiCoRefresh,DailyWellness,2640,12.13%,No Campaign,#N/A,#N/A,#N/A,0
P076,Twitter,07-11-2024,Story,Check out our latest story on twitter!,1121,135,18,15694,14957,99,#PepsiCoRefresh,DailyWellness,1274,8.12%,No Campaign,#N/A,#N/A,#N/A,0
P077,Facebook,04-03-2025,Story,Check out our latest story on facebook!,1249,116,420,8743,8538,63,#PepsiCoRefresh,,1785,20.42%,DailyWellness,01-03-2025,31-03-2025,180000,5625
P078,Twitter,17-06-2024,Image,Check out our latest image on twitter!,954,324,288,19080,18859,21,#LiveForNow,DailyWellness,1566,8.21%,SummerSplash,15-06-2024,15-07-2024,150000,5555.555556
P079,Instagram,09-10-2024,Carousel,Check out our latest carousel on instagram!,3068,137,329,39884,39404,266,#ThirstyForMore,FestiveRadiance,3534,8.86%,FestiveRadiance,01-10-2024,31-10-2024,200000,5714.285714
P080,Instagram,13-06-2024,Story,Check out our latest story on instagram!,2103,892,103,39957,39466,28,#LiveForNow,,3098,7.75%,No Campaign,#N/A,#N/A,#N/A,0
P081,Instagram,19-10-2024,Story,Check out our latest story on instagram!,1816,29,41,19976,19262,283,#PepsiCoRefresh,NewYearRefresh,1886,9.44%,FestiveRadiance,01-10-2024,31-10-2024,200000,5714.285714
P082,Instagram,24-07-2024,Image,Check out our latest image on instagram!,725,88,428,14500,13637,200,"#LiveForNow,#PepsiCoRefresh,#AnytimeIsPepsiTime",NewYearRefresh,1241,8.56%,No Campaign,#N/A,#N/A,#N/A,0
P083,YouTube,15-10-2024,Video,Check out our latest video on youtube!,1094,472,21,9846,9609,112,#ThirstyForMore,,1587,16.12%,FestiveRadiance,01-10-2024,31-10-2024,200000,5714.285714
P084,Facebook,09-12-2024,Image,Check out our latest image on facebook!,1841,851,342,34979,34154,255,#LiveForNow,DailyWellness,3034,8.67%,No Campaign,#N/A,#N/A,#N/A,0
P085,Instagram,19-04-2025,Image,Check out our latest image on instagram!,4177,569,55,25062,24847,230,#LiveForNow,SummerSplash,4801,19.16%,No Campaign,#N/A,#N/A,#N/A,0
P086,YouTube,27-01-2025,Text,Check out our latest text on youtube!,3428,305,85,58276,58052,242,"#ThirstyForMore,#BetterWithPepsi",DailyWellness,3818,6.55%,No Campaign,#N/A,#N/A,#N/A,0
P087,Twitter,06-06-2024,Video,Check out our latest video on twitter!,1436,765,496,12924,12701,197,#LiveForNow,NewYearRefresh,2697,20.87%,No Campaign,#N/A,#N/A,#N/A,0
P088,Facebook,07-07-2024,Story,Check out our latest story on facebook!,302,47,430,5738,4890,25,#PepsiCoRefresh,DailyWellness,779,13.58%,SummerSplash,15-06-2024,15-07-2024,150000,5555.555556
P089,Twitter,10-01-2025,Image,Check out our latest image on twitter!,2214,249,152,15498,14800,180,#ThirstyForMore,,2615,16.87%,NewYearRefresh,25-12-2024,10-01-2025,250000,25000
P090,Instagram,03-06-2024,Image,Check out our latest image on instagram!,3861,960,101,69498,68817,297,#PepsiCoRefresh,DailyWellness,4922,7.08%,No Campaign,#N/A,#N/A,#N/A,0
P091,Facebook,24-03-2025,Image,Check out our latest image on facebook!,1263,397,357,25260,24615,137,#ThirstyForMore,DailyWellness,2017,7.98%,DailyWellness,01-03-2025,31-03-2025,180000,5625
P092,Twitter,21-10-2024,Story,Check out our latest story on twitter!,3801,967,401,38010,37625,236,#LiveForNow,NewYearRefresh,5169,13.60%,FestiveRadiance,01-10-2024,31-10-2024,200000,5714.285714
P093,Instagram,11-12-2024,Video,Check out our latest video on instagram!,1431,951,26,8586,8396,150,#ThirstyForMore,NewYearRefresh,2408,28.05%,No Campaign,#N/A,#N/A,#N/A,0
P094,Instagram,07-11-2024,Image,Check out our latest image on instagram!,2647,304,170,18529,17841,46,#LiveForNow,NewYearRefresh,3121,16.84%,No Campaign,#N/A,#N/A,#N/A,0
P095,Instagram,08-11-2024,Text,Check out our latest text on instagram!,3182,559,160,57276,56890,163,#LiveForNow,DailyWellness,3901,6.81%,No Campaign,#N/A,#N/A,#N/A,0
P096,Twitter,10-09-2024,Image,Check out our latest image on twitter!,1238,366,444,19808,19334,123,#LiveForNow,,2048,10.34%,No Campaign,#N/A,#N/A,#N/A,0
P097,Instagram,13-08-2024,Image,Check out our latest image on instagram!,4739,527,135,61607,61333,36,"#PepsiCoRefresh,#AnytimeIsPepsiTime",FestiveRadiance,5401,8.77%,No Campaign,#N/A,#N/A,#N/A,0
P098,Twitter,10-06-2024,Story,Check out our latest story on twitter!,1575,771,486,25200,24826,17,#LiveForNow,DailyWellness,2832,11.24%,No Campaign,#N/A,#N/A,#N/A,0
P099,YouTube,02-07-2024,Carousel,Check out our latest carousel on youtube!,4171,548,86,66736,66634,173,#LiveForNow,NewYearRefresh,4805,7.20%,SummerSplash,15-06-2024,15-07-2024,150000,5555.555556
P100,YouTube,10-02-2025,Video,Check out our latest video on youtube!,1766,92,424,24724,24333,52,#ThirstyForMore,,2282,9.23%,No Campaign,#N/A,#N/A,#N/A,0
P101,YouTube,18-10-2024,Video,Check out our latest video on youtube!,4450,983,143,75650,75008,12,#LiveForNow,NewYearRefresh,5576,7.37%,FestiveRadiance,01-10-2024,31-10-2024,200000,5714.285714
P102,Twitter,18-09-2024,Reel,Check out our latest reel on twitter!,1000,978,162,6000,5221,223,#ThirstyForMore,FestiveRadiance,2140,35.67%,No Campaign,#N/A,#N/A,#N/A,0
P103,Facebook,11-06-2024,Image,Check out our latest image on facebook!,3689,48,306,40579,39588,212,#ThirstyForMore,FestiveRadiance,4043,9.96%,No Campaign,#N/A,#N/A,#N/A,0
P104,YouTube,23-03-2025,Story,Check out our latest story on youtube!,3655,568,286,32895,32015,199,#PepsiCoRefresh,NewYearRefresh,4509,13.71%,DailyWellness,01-03-2025,31-03-2025,180000,5625
P105,Instagram,14-06-2024,Carousel,Check out our latest carousel on instagram!,498,38,42,4482,3647,32,#LiveForNow,SummerSplash,578,12.90%,No Campaign,#N/A,#N/A,#N/A,0
P106,Instagram,04-02-2025,Image,Check out our latest image on instagram!,4619,821,499,69285,69141,298,#PepsiCoRefresh,DailyWellness,5939,8.57%,No Campaign,#N/A,#N/A,#N/A,0
P107,YouTube,21-06-2024,Image,Check out our latest image on youtube!,4832,893,10,91808,91296,182,#PepsiCoRefresh,,5735,6.25%,SummerSplash,15-06-2024,15-07-2024,150000,5555.555556
P108,Twitter,25-03-2025,Video,Check out our latest video on twitter!,4050,871,347,52650,51755,209,#PepsiCoRefresh,FestiveRadiance,5268,10.01%,DailyWellness,01-03-2025,31-03-2025,180000,5625
P109,Twitter,08-08-2024,Story,Check out our latest story on twitter!,3649,215,413,25543,24963,167,#LiveForNow,NewYearRefresh,4277,16.74%,No Campaign,#N/A,#N/A,#N/A,0
P110,Instagram,29-07-2024,Reel,Check out our latest reel on instagram!,3523,753,482,38753,38579,270,#ThirstyForMore,FestiveRadiance,4758,12.28%,No Campaign,#N/A,#N/A,#N/A,0
P111,YouTube,23-11-2024,Image,Check out our latest image on youtube!,2719,17,285,40785,40281,40,#PepsiCoRefresh,FestiveRadiance,3021,7.41%,No Campaign,#N/A,#N/A,#N/A,0
P112,Twitter,05-10-2024,Story,Check out our latest story on twitter!,1957,877,238,17613,16865,297,#LiveForNow,NewYearRefresh,3072,17.44%,FestiveRadiance,01-10-2024,31-10-2024,200000,5714.285714
P113,Twitter,02-10-2024,Carousel,Check out our latest carousel on twitter!,4419,236,369,44190,43582,10,#ThirstyForMore,SummerSplash,5024,11.37%,FestiveRadiance,01-10-2024,31-10-2024,200000,5714.285714
P114,Twitter,14-11-2024,Story,Check out our latest story on twitter!,4000,689,488,40000,39569,44,#LiveForNow,SummerSplash,5177,12.94%,No Campaign,#N/A,#N/A,#N/A,0
P115,Twitter,11-05-2025,Image,Check out our latest image on twitter!,2493,97,44,42381,41991,242,"#PepsiCoRefresh,#AnytimeIsPepsiTime",DailyWellness,2634,6.22%,No Campaign,#N/A,#N/A,#N/A,0
P116,YouTube,18-03-2025,Reel,Check out our latest reel on youtube!,3704,186,458,25928,25081,131,#PepsiCoRefresh,,4348,16.77%,DailyWellness,01-03-2025,31-03-2025,180000,5625
P117,Twitter,04-11-2024,Image,Check out our latest image on twitter!,1606,451,405,20878,20190,219,#ThirstyForMore,DailyWellness,2462,11.79%,No Campaign,#N/A,#N/A,#N/A,0
P118,Facebook,04-11-2024,Image,Check out our latest image on facebook!,4551,714,207,68265,67754,57,#LiveForNow,NewYearRefresh,5472,8.02%,No Campaign,#N/A,#N/A,#N/A,0
P119,Instagram,07-02-2025,Reel,Check out our latest reel on instagram!,1970,675,478,9850,8924,117,#LiveForNow,,3123,31.71%,No Campaign,#N/A,#N/A,#N/A,0
P120,Facebook,21-10-2024,Story,Check out our latest story on facebook!,780,928,301,8580,8081,91,#ThirstyForMore,NewYearRefresh,2009,23.41%,FestiveRadiance,01-10-2024,31-10-2024,200000,5714.285714
P121,Instagram,29-07-2024,Story,Check out our latest story on instagram!,498,701,412,4980,4185,185,#LiveForNow,,1611,32.35%,No Campaign,#N/A,#N/A,#N/A,0
P122,Instagram,02-10-2024,Text,Check out our latest text on instagram!,3432,869,123,54912,53916,264,#ThirstyForMore,FestiveRadiance,4424,8.06%,FestiveRadiance,01-10-2024,31-10-2024,200000,5714.285714
P123,Instagram,14-06-2024,Story,Check out our latest story on instagram!,4363,649,140,21815,21481,157,#ThirstyForMore,SummerSplash,5152,23.62%,No Campaign,#N/A,#N/A,#N/A,0
P124,YouTube,06-04-2025,Carousel,Check out our latest carousel on youtube!,736,771,225,5152,4706,19,#ThirstyForMore,SummerSplash,1732,33.62%,No Campaign,#N/A,#N/A,#N/A,0
P125,Twitter,08-09-2024,Carousel,Check out our latest carousel on twitter!,3811,866,216,34299,34088,233,#PepsiCoRefresh,DailyWellness,4893,14.27%,No Campaign,#N/A,#N/A,#N/A,0
P126,Instagram,28-03-2025,Carousel,Check out our latest carousel on instagram!,4158,167,241,45738,45183,142,#LiveForNow,,4566,9.98%,DailyWellness,01-03-2025,31-03-2025,180000,5625
P127,Facebook,27-01-2025,Reel,Check out our latest reel on facebook!,3452,652,442,65588,65049,158,#LiveForNow,NewYearRefresh,4546,6.93%,No Campaign,#N/A,#N/A,#N/A,0
P128,Twitter,10-01-2025,Image,Check out our latest image on twitter!,3092,106,291,27828,27217,102,#LiveForNow,,3489,12.54%,NewYearRefresh,25-12-2024,10-01-2025,250000,25000
P129,Twitter,21-07-2024,Text,Check out our latest text on twitter!,2147,430,393,17176,16483,170,#PepsiCoRefresh,,2970,17.29%,No Campaign,#N/A,#N/A,#N/A,0
P130,YouTube,29-09-2024,Reel,Check out our latest reel on youtube!,2936,439,44,38168,37571,22,#ThirstyForMore,DailyWellness,3419,8.96%,No Campaign,#N/A,#N/A,#N/A,0
P131,Instagram,21-10-2024,Reel,Check out our latest reel on instagram!,4840,658,211,43560,43225,57,#LiveForNow,NewYearRefresh,5709,13.11%,FestiveRadiance,01-10-2024,31-10-2024,200000,5714.285714
P132,Instagram,04-03-2025,Story,Check out our latest story on instagram!,1947,842,101,21417,20967,186,#LiveForNow,FestiveRadiance,2890,13.49%,DailyWellness,01-03-2025,31-03-2025,180000,5625
P133,Facebook,06-02-2025,Image,Check out our latest image on facebook!,2072,532,71,37296,36467,25,#PepsiCoRefresh,DailyWellness,2675,7.17%,No Campaign,#N/A,#N/A,#N/A,0
P134,Twitter,24-04-2025,Reel,Check out our latest reel on twitter!,3731,115,135,55965,55436,103,#PepsiCoRefresh,SummerSplash,3981,7.11%,No Campaign,#N/A,#N/A,#N/A,0
P135,Facebook,28-11-2024,Text,Check out our latest text on facebook!,4213,253,434,75834,75437,272,#LiveForNow,DailyWellness,4900,6.46%,No Campaign,#N/A,#N/A,#N/A,0
P136,Instagram,11-07-2024,Text,Check out our latest text on instagram!,3134,888,444,21938,21337,130,#ThirstyForMore,DailyWellness,4466,20.36%,SummerSplash,15-06-2024,15-07-2024,150000,5555.555556
P137,Facebook,31-07-2024,Video,Check out our latest video on facebook!,3008,94,37,15040,14639,277,#LiveForNow,,3139,20.87%,No Campaign,#N/A,#N/A,#N/A,0
P138,Twitter,29-03-2025,Image,Check out our latest image on twitter!,305,187,243,4575,3704,234,#LiveForNow,NewYearRefresh,735,16.07%,DailyWellness,01-03-2025,31-03-2025,180000,5625
P139,YouTube,29-10-2024,Text,Check out our latest text on youtube!,2746,156,203,32952,32147,147,#ThirstyForMore,SummerSplash,3105,9.42%,FestiveRadiance,01-10-2024,31-10-2024,200000,5714.285714
P140,Facebook,15-07-2024,Image,Check out our latest image on facebook!,2291,78,485,18328,18101,10,"#ThirstyForMore,#SmoothLikeNitroPepsi",FestiveRadiance,2854,15.57%,SummerSplash,15-06-2024,15-07-2024,150000,5555.555556
P141,Twitter,31-08-2024,Image,Check out our latest image on twitter!,3170,857,379,19020,18559,240,#LiveForNow,,4406,23.17%,No Campaign,#N/A,#N/A,#N/A,0
P142,YouTube,25-03-2025,Story,Check out our latest story on youtube!,2070,275,386,39330,38627,114,#LiveForNow,DailyWellness,2731,6.94%,DailyWellness,01-03-2025,31-03-2025,180000,5625
P143,YouTube,02-10-2024,Carousel,Check out our latest carousel on youtube!,80,362,80,1040,349,117,#PepsiCoRefresh,NewYearRefresh,522,50.19%,FestiveRadiance,01-10-2024,31-10-2024,200000,5714.285714
P144,YouTube,28-10-2024,Story,Check out our latest story on youtube!,4929,749,452,93651,92810,66,#ThirstyForMore,DailyWellness,6130,6.55%,FestiveRadiance,01-10-2024,31-10-2024,200000,5714.285714
P145,Instagram,12-08-2024,Carousel,Check out our latest carousel on instagram!,1878,62,179,37560,36874,142,#PepsiCoRefresh,DailyWellness,2119,5.64%,No Campaign,#N/A,#N/A,#N/A,0
P146,YouTube,05-06-2024,Reel,Check out our latest reel on youtube!,3065,772,142,18390,17875,200,"#ThirstyForMore,#AnytimeIsPepsiTime",,3979,21.64%,No Campaign,#N/A,#N/A,#N/A,0
P147,Instagram,21-10-2024,Reel,Check out our latest reel on instagram!,3256,459,266,26048,25529,143,#PepsiCoRefresh,FestiveRadiance,3981,15.28%,FestiveRadiance,01-10-2024,31-10-2024,200000,5714.285714
P148,Instagram,15-04-2025,Video,Check out our latest video on instagram!,4133,466,327,24798,24620,176,#ThirstyForMore,DailyWellness,4926,19.86%,No Campaign,#N/A,#N/A,#N/A,0
P149,Twitter,16-06-2024,Video,Check out our latest video on twitter!,1702,750,179,34040,33174,76,#ThirstyForMore,SummerSplash,2631,7.73%,SummerSplash,15-06-2024,15-07-2024,150000,5555.555556
P150,YouTube,22-08-2024,Carousel,Check out our latest carousel on youtube!,4295,853,325,85900,85788,290,#PepsiCoRefresh,DailyWellness,5473,6.37%,No Campaign,#N/A,#N/A,#N/A,0
P151,Instagram,26-07-2024,Image,Check out our latest image on instagram!,3559,59,289,35590,35105,122,#ThirstyForMore,SummerSplash,3907,10.98%,No Campaign,#N/A,#N/A,#N/A,0
P152,Facebook,22-04-2025,Image,Check out our latest image on facebook!,4804,550,270,28824,28370,47,#ThirstyForMore,DailyWellness,5624,19.51%,No Campaign,#N/A,#N/A,#N/A,0
P153,Twitter,01-01-2025,Video,Check out our latest video on twitter!,754,197,257,6786,6221,212,#PepsiCoRefresh,NewYearRefresh,1208,17.80%,NewYearRefresh,25-12-2024,10-01-2025,250000,25000
P154,Instagram,09-10-2024,Carousel,Check out our latest carousel on instagram!,985,932,287,6895,6757,64,#LiveForNow,DailyWellness,2204,31.97%,FestiveRadiance,01-10-2024,31-10-2024,200000,5714.285714
P155,YouTube,21-12-2024,Image,Check out our latest image on youtube!,2283,210,130,22830,22617,143,#LiveForNow,FestiveRadiance,2623,11.49%,No Campaign,#N/A,#N/A,#N/A,0
P156,Facebook,22-10-2024,Carousel,Check out our latest carousel on facebook!,3352,941,482,43576,43338,240,#LiveForNow,FestiveRadiance,4775,10.96%,FestiveRadiance,01-10-2024,31-10-2024,200000,5714.285714
P157,YouTube,23-07-2024,Story,Check out our latest story on youtube!,4775,173,206,47750,47544,187,#LiveForNow,FestiveRadiance,5154,10.79%,No Campaign,#N/A,#N/A,#N/A,0
P158,Instagram,11-08-2024,Story,Check out our latest story on instagram!,1762,405,423,22906,21925,25,#PepsiCoRefresh,SummerSplash,2590,11.31%,No Campaign,#N/A,#N/A,#N/A,0
P159,Facebook,25-11-2024,Story,Check out our latest story on facebook!,2120,158,488,12720,12085,17,#LiveForNow,FestiveRadiance,2766,21.75%,No Campaign,#N/A,#N/A,#N/A,0
P160,Twitter,24-08-2024,Video,Check out our latest video on twitter!,1082,209,484,19476,18654,20,#PepsiCoRefresh,,1775,9.11%,No Campaign,#N/A,#N/A,#N/A,0
P161,Twitter,19-02-2025,Text,Check out our latest text on twitter!,4671,876,366,51381,50565,245,#PepsiCoRefresh,DailyWellness,5913,11.51%,No Campaign,#N/A,#N/A,#N/A,0
P162,Facebook,01-04-2025,Story,Check out our latest story on facebook!,3430,566,164,48020,47305,120,#LiveForNow,,4160,8.66%,No Campaign,#N/A,#N/A,#N/A,0
P163,Instagram,08-04-2025,Image,Check out our latest image on instagram!,4501,375,323,22505,21836,132,#PepsiCoRefresh,FestiveRadiance,5199,23.10%,No Campaign,#N/A,#N/A,#N/A,0
P164,YouTube,27-02-2025,Text,Check out our latest text on youtube!,4934,971,156,39472,39025,169,"#PepsiCoRefresh,#AnytimeIsPepsiTime",DailyWellness,6061,15.36%,No Campaign,#N/A,#N/A,#N/A,0
P165,Twitter,11-12-2024,Text,Check out our latest text on twitter!,3239,43,211,22673,22171,230,#PepsiCoRefresh,FestiveRadiance,3493,15.41%,No Campaign,#N/A,#N/A,#N/A,0
P166,Twitter,16-02-2025,Reel,Check out our latest reel on twitter!,1076,313,306,11836,11596,104,#LiveForNow,SummerSplash,1695,14.32%,No Campaign,#N/A,#N/A,#N/A,0
P167,Instagram,28-11-2024,Text,Check out our latest text on instagram!,4771,818,56,57252,56378,150,#LiveForNow,,5645,9.86%,No Campaign,#N/A,#N/A,#N/A,0
P168,Facebook,12-11-2024,Text,Check out our latest text on facebook!,2418,754,54,43524,42743,182,#ThirstyForMore,SummerSplash,3226,7.41%,No Campaign,#N/A,#N/A,#N/A,0
P169,YouTube,03-12-2024,Video,Check out our latest video on youtube!,3809,273,200,34281,33534,83,#ThirstyForMore,SummerSplash,4282,12.49%,No Campaign,#N/A,#N/A,#N/A,0
P170,Twitter,28-04-2025,Text,Check out our latest text on twitter!,3577,596,493,67963,67839,53,#PepsiCoRefresh,NewYearRefresh,4666,6.87%,No Campaign,#N/A,#N/A,#N/A,0
P171,YouTube,31-12-2024,Video,Check out our latest video on youtube!,1018,447,332,18324,18164,38,#LiveForNow,FestiveRadiance,1797,9.81%,NewYearRefresh,25-12-2024,10-01-2025,250000,25000
P172,Facebook,14-08-2024,Carousel,Check out our latest carousel on facebook!,3073,553,174,52241,51605,246,#ThirstyForMore,NewYearRefresh,3800,7.27%,No Campaign,#N/A,#N/A,#N/A,0
P173,Twitter,05-12-2024,Video,Check out our latest video on twitter!,1330,925,35,15960,15379,229,#LiveForNow,NewYearRefresh,2290,14.35%,No Campaign,#N/A,#N/A,#N/A,0
P174,Facebook,22-06-2024,Text,Check out our latest text on facebook!,3828,148,253,30624,30229,235,#ThirstyForMore,,4229,13.81%,SummerSplash,15-06-2024,15-07-2024,150000,5555.555556
P175,Instagram,17-01-2025,Reel,Check out our latest reel on instagram!,142,784,183,1704,995,154,#LiveForNow,DailyWellness,1109,65.08%,No Campaign,#N/A,#N/A,#N/A,0
P176,Facebook,20-06-2024,Video,Check out our latest video on facebook!,3798,31,279,75960,75813,266,#PepsiCoRefresh,SummerSplash,4108,5.41%,SummerSplash,15-06-2024,15-07-2024,150000,5555.555556
P177,Instagram,10-07-2024,Carousel,Check out our latest carousel on instagram!,3099,694,171,43386,42921,52,#PepsiCoRefresh,NewYearRefresh,3964,9.14%,SummerSplash,15-06-2024,15-07-2024,150000,5555.555556
P178,Instagram,07-11-2024,Video,Check out our latest video on instagram!,129,643,136,1290,839,238,#PepsiCoRefresh,DailyWellness,908,70.39%,No Campaign,#N/A,#N/A,#N/A,0
P179,Facebook,15-07-2024,Carousel,Check out our latest carousel on facebook!,3796,667,395,64532,63550,292,#PepsiCoRefresh,,4858,7.53%,SummerSplash,15-06-2024,15-07-2024,150000,5555.555556
P180,YouTube,03-12-2024,Text,Check out our latest text on youtube!,3711,352,290,48243,47579,11,#PepsiCoRefresh,SummerSplash,4353,9.02%,No Campaign,#N/A,#N/A,#N/A,0
P181,YouTube,21-03-2025,Image,Check out our latest image on youtube!,606,789,470,7878,7389,239,#ThirstyForMore,NewYearRefresh,1865,23.67%,DailyWellness,01-03-2025,31-03-2025,180000,5625
P182,Facebook,31-07-2024,Image,Check out our latest image on facebook!,4689,134,403,51579,50924,173,#PepsiCoRefresh,DailyWellness,5226,10.13%,No Campaign,#N/A,#N/A,#N/A,0
P183,Instagram,17-12-2024,Story,Check out our latest story on instagram!,360,590,393,4680,4322,208,#LiveForNow,FestiveRadiance,1343,28.70%,No Campaign,#N/A,#N/A,#N/A,0
P184,Twitter,28-07-2024,Image,Check out our latest image on twitter!,3215,960,202,32150,31404,251,#ThirstyForMore,SummerSplash,4377,13.61%,No Campaign,#N/A,#N/A,#N/A,0
P185,Instagram,11-01-2025,Carousel,Check out our latest carousel on instagram!,4523,61,157,49753,49329,71,#ThirstyForMore,,4741,9.53%,No Campaign,#N/A,#N/A,#N/A,0
P186,Facebook,24-08-2024,Carousel,Check out our latest carousel on facebook!,4292,51,392,55796,54826,264,#ThirstyForMore,NewYearRefresh,4735,8.49%,No Campaign,#N/A,#N/A,#N/A,0
P187,Twitter,22-12-2024,Reel,Check out our latest reel on twitter!,1644,546,150,27948,27184,300,#ThirstyForMore,NewYearRefresh,2340,8.37%,No Campaign,#N/A,#N/A,#N/A,0
P188,YouTube,06-06-2024,Reel,Check out our latest reel on youtube!,2728,533,215,40920,40816,137,#LiveForNow,FestiveRadiance,3476,8.49%,No Campaign,#N/A,#N/A,#N/A,0
P189,Facebook,24-03-2025,Reel,Check out our latest reel on facebook!,3360,525,500,60480,59610,192,#PepsiCoRefresh,SummerSplash,4385,7.25%,DailyWellness,01-03-2025,31-03-2025,180000,5625
P190,YouTube,04-10-2024,Text,Check out our latest text on youtube!,1963,213,19,39260,38771,145,#LiveForNow,,2195,5.59%,FestiveRadiance,01-10-2024,31-10-2024,200000,5714.285714
P191,YouTube,03-12-2024,Story,Check out our latest story on youtube!,4285,886,376,55705,55556,51,#LiveForNow,NewYearRefresh,5547,9.96%,No Campaign,#N/A,#N/A,#N/A,0
P192,Instagram,29-11-2024,Video,Check out our latest video on instagram!,1176,464,394,14112,13588,272,#ThirstyForMore,,2034,14.41%,No Campaign,#N/A,#N/A,#N/A,0
P193,Twitter,11-09-2024,Image,Check out our latest image on twitter!,4858,317,129,53438,52687,223,#ThirstyForMore,NewYearRefresh,5304,9.93%,No Campaign,#N/A,#N/A,#N/A,0
P194,YouTube,02-10-2024,Story,Check out our latest story on youtube!,4350,771,7,60900,60592,195,#ThirstyForMore,SummerSplash,5128,8.42%,FestiveRadiance,01-10-2024,31-10-2024,200000,5714.285714
P195,Instagram,15-08-2024,Carousel,Check out our latest carousel on instagram!,914,464,246,11882,11500,282,"#LiveForNow,#PepsiCoRefresh,#AnytimeIsPepsiTime",DailyWellness,1624,13.67%,No Campaign,#N/A,#N/A,#N/A,0
P196,Instagram,19-12-2024,Text,Check out our latest text on instagram!,1813,623,72,19943,18959,85,#ThirstyForMore,NewYearRefresh,2508,12.58%,No Campaign,#N/A,#N/A,#N/A,0
P197,Twitter,22-10-2024,Reel,Check out our latest reel on twitter!,4782,721,82,86076,85339,19,#ThirstyForMore,SummerSplash,5585,6.49%,FestiveRadiance,01-10-2024,31-10-2024,200000,5714.285714
P198,Twitter,14-09-2024,Image,Check out our latest image on twitter!,1048,374,450,9432,8882,158,#PepsiCoRefresh,NewYearRefresh,1872,19.85%,No Campaign,#N/A,#N/A,#N/A,0
P199,YouTube,30-11-2024,Carousel,Check out our latest carousel on youtube!,2509,324,171,35126,34685,277,#PepsiCoRefresh,FestiveRadiance,3004,8.55%,No Campaign,#N/A,#N/A,#N/A,0
P200,Facebook,07-04-2025,Reel,Check out our latest reel on facebook!,3718,385,310,70642,69749,233,#PepsiCoRefresh,FestiveRadiance,4413,6.25%,No Campaign,#N/A,#N/A,#N/A,0
P201,Twitter,15-01-2025,Reel,Check out our latest reel on twitter!,802,262,244,14436,14280,49,#ThirstyForMore,SummerSplash,1308,9.06%,No Campaign,#N/A,#N/A,#N/A,0
P202,Facebook,02-06-2024,Image,Check out our latest image on facebook!,1871,252,335,29936,29576,288,#ThirstyForMore,NewYearRefresh,2458,8.21%,No Campaign,#N/A,#N/A,#N/A,0
P203,Instagram,21-11-2024,Carousel,Check out our latest carousel on instagram!,3773,299,38,71687,71447,286,#LiveForNow,SummerSplash,4110,5.73%,No Campaign,#N/A,#N/A,#N/A,0
P204,Instagram,01-01-2025,Carousel,Check out our latest carousel on instagram!,2234,653,432,11170,10569,198,#LiveForNow,NewYearRefresh,3319,29.71%,NewYearRefresh,25-12-2024,10-01-2025,250000,25000
P205,Twitter,24-04-2025,Video,Check out our latest video on twitter!,3820,697,268,45840,45631,171,"#PepsiCoRefresh,#SmoothLikeNitroPepsi",DailyWellness,4785,10.44%,No Campaign,#N/A,#N/A,#N/A,0
P206,Twitter,24-06-2024,Text,Check out our latest text on twitter!,941,121,458,14115,13838,87,#ThirstyForMore,SummerSplash,1520,10.77%,SummerSplash,15-06-2024,15-07-2024,150000,5555.555556
P207,Twitter,29-12-2024,Carousel,Check out our latest carousel on twitter!,4274,340,281,34192,33446,129,"#PepsiCoRefresh,#SmoothLikeNitroPepsi",NewYearRefresh,4895,14.32%,NewYearRefresh,25-12-2024,10-01-2025,250000,25000
P208,YouTube,24-06-2024,Video,Check out our latest video on youtube!,2949,476,403,44235,43705,135,#PepsiCoRefresh,FestiveRadiance,3828,8.65%,SummerSplash,15-06-2024,15-07-2024,150000,5555.555556
P209,Twitter,19-03-2025,Video,Check out our latest video on twitter!,3160,204,297,44240,43666,49,"#LiveForNow,#AnytimeIsPepsiTime",DailyWellness,3661,8.28%,DailyWellness,01-03-2025,31-03-2025,180000,5625
P210,YouTube,19-02-2025,Image,Check out our latest image on youtube!,257,966,398,3341,2753,287,#LiveForNow,SummerSplash,1621,48.52%,No Campaign,#N/A,#N/A,#N/A,0
P211,Twitter,18-07-2024,Carousel,Check out our latest carousel on twitter!,2120,38,212,12720,12564,21,#LiveForNow,DailyWellness,2370,18.63%,No Campaign,#N/A,#N/A,#N/A,0
P212,YouTube,03-03-2025,Video,Check out our latest video on youtube!,3874,884,19,38740,38552,219,#PepsiCoRefresh,FestiveRadiance,4777,12.33%,DailyWellness,01-03-2025,31-03-2025,180000,5625
P213,Facebook,01-05-2025,Carousel,Check out our latest carousel on facebook!,2696,628,443,45832,45632,248,#ThirstyForMore,DailyWellness,3767,8.22%,No Campaign,#N/A,#N/A,#N/A,0
P214,Instagram,23-12-2024,Image,Check out our latest image on instagram!,521,746,315,4168,3399,282,#LiveForNow,FestiveRadiance,1582,37.96%,No Campaign,#N/A,#N/A,#N/A,0
P215,Facebook,06-05-2025,Image,Check out our latest image on facebook!,4872,925,176,82824,82543,89,#ThirstyForMore,FestiveRadiance,5973,7.21%,No Campaign,#N/A,#N/A,#N/A,0
P216,YouTube,29-07-2024,Story,Check out our latest story on youtube!,1509,88,163,30180,29689,119,#ThirstyForMore,FestiveRadiance,1760,5.83%,No Campaign,#N/A,#N/A,#N/A,0
P217,Facebook,03-12-2024,Image,Check out our latest image on facebook!,4606,931,230,92120,91440,56,#PepsiCoRefresh,,5767,6.26%,No Campaign,#N/A,#N/A,#N/A,0
P218,Facebook,11-06-2024,Carousel,Check out our latest carousel on facebook!,1869,453,490,14952,14309,275,#PepsiCoRefresh,DailyWellness,2812,18.81%,No Campaign,#N/A,#N/A,#N/A,0
P219,Twitter,28-01-2025,Reel,Check out our latest reel on twitter!,1188,470,174,7128,6145,270,#PepsiCoRefresh,DailyWellness,1832,25.70%,No Campaign,#N/A,#N/A,#N/A,0
P220,Instagram,02-06-2024,Story,Check out our latest story on instagram!,84,897,85,588,8,12,#ThirstyForMore,,1066,181.29%,No Campaign,#N/A,#N/A,#N/A,0
P221,Facebook,23-03-2025,Video,Check out our latest video on facebook!,4453,111,420,31171,30565,23,#PepsiCoRefresh,,4984,15.99%,DailyWellness,01-03-2025,31-03-2025,180000,5625
P222,Facebook,08-10-2024,Reel,Check out our latest reel on facebook!,1814,653,363,25396,25286,39,"#LiveForNow,#SmoothLikeNitroPepsi",SummerSplash,2830,11.14%,FestiveRadiance,01-10-2024,31-10-2024,200000,5714.285714
P223,Twitter,12-11-2024,Image,Check out our latest image on twitter!,3338,277,118,60084,59842,252,#PepsiCoRefresh,,3733,6.21%,No Campaign,#N/A,#N/A,#N/A,0
P224,Facebook,13-05-2025,Image,Check out our latest image on facebook!,602,594,156,4214,3363,164,#PepsiCoRefresh,NewYearRefresh,1352,32.08%,No Campaign,#N/A,#N/A,#N/A,0
P225,Twitter,20-06-2024,Carousel,Check out our latest carousel on twitter!,4672,325,32,88768,87833,118,#ThirstyForMore,,5029,5.67%,SummerSplash,15-06-2024,15-07-2024,150000,5555.555556
P226,Instagram,07-08-2024,Carousel,Check out our latest carousel on instagram!,1741,164,318,8705,8272,121,#PepsiCoRefresh,,2223,25.54%,No Campaign,#N/A,#N/A,#N/A,0
P227,Instagram,12-06-2024,Text,Check out our latest text on instagram!,246,149,130,4674,4390,217,#LiveForNow,NewYearRefresh,525,11.23%,No Campaign,#N/A,#N/A,#N/A,0
P228,Instagram,01-07-2024,Story,Check out our latest story on instagram!,4808,772,320,72120,71696,195,#ThirstyForMore,SummerSplash,5900,8.18%,SummerSplash,15-06-2024,15-07-2024,150000,5555.555556
P229,Instagram,03-07-2024,Carousel,Check out our latest carousel on instagram!,4799,694,289,43191,42228,118,#PepsiCoRefresh,,5782,13.39%,SummerSplash,15-06-2024,15-07-2024,150000,5555.555556
P230,Facebook,15-07-2024,Reel,Check out our latest reel on facebook!,3663,17,295,51282,50567,84,#ThirstyForMore,NewYearRefresh,3975,7.75%,SummerSplash,15-06-2024,15-07-2024,150000,5555.555556
P231,Instagram,01-05-2025,Text,Check out our latest text on instagram!,1430,376,33,21450,20509,251,#LiveForNow,SummerSplash,1839,8.57%,No Campaign,#N/A,#N/A,#N/A,0
P232,Twitter,29-04-2025,Story,Check out our latest story on twitter!,249,592,230,1494,1044,201,#ThirstyForMore,DailyWellness,1071,71.69%,No Campaign,#N/A,#N/A,#N/A,0
P233,Facebook,08-03-2025,Image,Check out our latest image on facebook!,2382,265,134,38112,37437,249,#LiveForNow,DailyWellness,2781,7.30%,DailyWellness,01-03-2025,31-03-2025,180000,5625
P234,Facebook,01-06-2024,Text,Check out our latest text on facebook!,1272,465,99,24168,23719,42,#PepsiCoRefresh,,1836,7.60%,No Campaign,#N/A,#N/A,#N/A,0
P235,Facebook,22-12-2024,Image,Check out our latest image on facebook!,3196,941,376,35156,34444,241,#PepsiCoRefresh,NewYearRefresh,4513,12.84%,No Campaign,#N/A,#N/A,#N/A,0
P236,Facebook,19-08-2024,Text,Check out our latest text on facebook!,1257,19,351,12570,11660,194,"#LiveForNow,#AnytimeIsPepsiTime,#ThirstyForMore",FestiveRadiance,1627,12.94%,No Campaign,#N/A,#N/A,#N/A,0
P237,Instagram,22-10-2024,Story,Check out our latest story on instagram!,3770,917,129,71630,71322,76,#LiveForNow,SummerSplash,4816,6.72%,FestiveRadiance,01-10-2024,31-10-2024,200000,5714.285714
P238,Twitter,16-07-2024,Text,Check out our latest text on twitter!,4725,400,362,75600,74927,43,#LiveForNow,DailyWellness,5487,7.26%,No Campaign,#N/A,#N/A,#N/A,0
P239,YouTube,24-02-2025,Text,Check out our latest text on youtube!,4188,942,118,20940,20471,102,#LiveForNow,,5248,25.06%,No Campaign,#N/A,#N/A,#N/A,0
P240,Twitter,26-08-2024,Carousel,Check out our latest carousel on twitter!,929,192,322,16722,15996,145,"#ThirstyForMore,#PepsiCoRefresh,#AnytimeIsPepsiTime",NewYearRefresh,1443,8.63%,No Campaign,#N/A,#N/A,#N/A,0
P241,Facebook,18-01-2025,Story,Check out our latest story on facebook!,4321,874,172,30247,29254,122,#PepsiCoRefresh,DailyWellness,5367,17.74%,No Campaign,#N/A,#N/A,#N/A,0
P242,Facebook,07-07-2024,Reel,Check out our latest reel on facebook!,4767,190,340,28602,28044,210,#ThirstyForMore,NewYearRefresh,5297,18.52%,SummerSplash,15-06-2024,15-07-2024,150000,5555.555556
P243,Twitter,06-03-2025,Image,Check out our latest image on twitter!,3592,911,375,50288,49490,32,#LiveForNow,DailyWellness,4878,9.70%,DailyWellness,01-03-2025,31-03-2025,180000,5625
P244,YouTube,25-10-2024,Video,Check out our latest video on youtube!,4661,935,433,23305,22583,63,#LiveForNow,NewYearRefresh,6029,25.87%,FestiveRadiance,01-10-2024,31-10-2024,200000,5714.285714
P245,Facebook,12-01-2025,Reel,Check out our latest reel on facebook!,4134,824,99,41340,41050,177,#ThirstyForMore,SummerSplash,5057,12.23%,No Campaign,#N/A,#N/A,#N/A,0
P246,Facebook,11-10-2024,Image,Check out our latest image on facebook!,400,680,434,6400,5472,160,#LiveForNow,FestiveRadiance,1514,23.66%,FestiveRadiance,01-10-2024,31-10-2024,200000,5714.285714
P247,Facebook,27-08-2024,Reel,Check out our latest reel on facebook!,3960,266,8,35640,34850,208,"#LiveForNow,#ThirstyForMore,#BetterWithPepsi",,4234,11.88%,No Campaign,#N/A,#N/A,#N/A,0
P248,Facebook,02-02-2025,Story,Check out our latest story on facebook!,886,126,153,4430,4037,212,#ThirstyForMore,,1165,26.30%,No Campaign,#N/A,#N/A,#N/A,0
P249,Twitter,18-07-2024,Image,Check out our latest image on twitter!,827,77,402,14886,14129,254,#ThirstyForMore,FestiveRadiance,1306,8.77%,No Campaign,#N/A,#N/A,#N/A,0
P250,Facebook,22-06-2024,Reel,Check out our latest reel on facebook!,3813,935,274,68634,68488,251,#LiveForNow,,5022,7.32%,SummerSplash,15-06-2024,15-07-2024,150000,5555.555556
P251,Instagram,27-03-2025,Carousel,Check out our latest carousel on instagram!,1377,796,387,22032,21869,189,#LiveForNow,,2560,11.62%,DailyWellness,01-03-2025,31-03-2025,180000,5625
P252,Facebook,28-04-2025,Carousel,Check out our latest carousel on facebook!,2089,476,69,16712,16309,64,#LiveForNow,NewYearRefresh,2634,15.76%,No Campaign,#N/A,#N/A,#N/A,0
P253,Twitter,03-08-2024,Reel,Check out our latest reel on twitter!,3791,593,228,53074,52613,205,#ThirstyForMore,,4612,8.69%,No Campaign,#N/A,#N/A,#N/A,0
P254,Twitter,14-01-2025,Image,Check out our latest image on twitter!,2692,115,64,21536,21120,224,#LiveForNow,FestiveRadiance,2871,13.33%,No Campaign,#N/A,#N/A,#N/A,0
P255,Facebook,03-04-2025,Story,Check out our latest story on facebook!,3767,514,238,37670,36807,226,#LiveForNow,DailyWellness,4519,12.00%,No Campaign,#N/A,#N/A,#N/A,0
P256,YouTube,18-09-2024,Carousel,Check out our latest carousel on youtube!,2143,12,204,40717,40125,248,#ThirstyForMore,FestiveRadiance,2359,5.79%,No Campaign,#N/A,#N/A,#N/A,0
P257,Facebook,06-04-2025,Image,Check out our latest image on facebook!,3090,697,164,49440,48524,25,"#ThirstyForMore,#ThirstyForMore,#BetterWithPepsi",FestiveRadiance,3951,7.99%,No Campaign,#N/A,#N/A,#N/A,0
P258,Instagram,05-08-2024,Story,Check out our latest story on instagram!,3601,695,75,21606,21454,172,#ThirstyForMore,FestiveRadiance,4371,20.23%,No Campaign,#N/A,#N/A,#N/A,0
P259,Facebook,10-02-2025,Text,Check out our latest text on facebook!,562,158,149,3372,2940,93,#PepsiCoRefresh,SummerSplash,869,25.77%,No Campaign,#N/A,#N/A,#N/A,0
P260,Instagram,12-02-2025,Story,Check out our latest story on instagram!,4332,771,219,60648,60397,10,"#PepsiCoRefresh,#ThirstyForMore,#BetterWithPepsi",NewYearRefresh,5322,8.78%,No Campaign,#N/A,#N/A,#N/A,0
P261,Instagram,27-10-2024,Image,Check out our latest image on instagram!,4853,837,340,72795,72237,170,#ThirstyForMore,SummerSplash,6030,8.28%,FestiveRadiance,01-10-2024,31-10-2024,200000,5714.285714
P262,YouTube,18-01-2025,Image,Check out our latest image on youtube!,1206,238,36,9648,9417,237,#PepsiCoRefresh,,1480,15.34%,No Campaign,#N/A,#N/A,#N/A,0
P263,Instagram,20-08-2024,Reel,Check out our latest reel on instagram!,2603,690,205,13015,12130,20,#LiveForNow,FestiveRadiance,3498,26.88%,No Campaign,#N/A,#N/A,#N/A,0
P264,Twitter,30-01-2025,Image,Check out our latest image on twitter!,59,163,93,590,475,293,#PepsiCoRefresh,FestiveRadiance,315,53.39%,No Campaign,#N/A,#N/A,#N/A,0
P265,Twitter,20-02-2025,Carousel,Check out our latest carousel on twitter!,1877,745,225,11262,10967,41,#ThirstyForMore,DailyWellness,2847,25.28%,No Campaign,#N/A,#N/A,#N/A,0
P266,Facebook,25-11-2024,Story,Check out our latest story on facebook!,4182,640,240,50184,49351,10,#PepsiCoRefresh,NewYearRefresh,5062,10.09%,No Campaign,#N/A,#N/A,#N/A,0
P267,Twitter,04-10-2024,Reel,Check out our latest reel on twitter!,4187,66,31,66992,66614,62,#LiveForNow,,4284,6.39%,FestiveRadiance,01-10-2024,31-10-2024,200000,5714.285714
P268,Instagram,13-04-2025,Reel,Check out our latest reel on instagram!,4579,125,300,59527,59400,269,#ThirstyForMore,SummerSplash,5004,8.41%,No Campaign,#N/A,#N/A,#N/A,0
P269,Instagram,05-11-2024,Video,Check out our latest video on instagram!,4561,51,441,22805,21890,45,#PepsiCoRefresh,FestiveRadiance,5053,22.16%,No Campaign,#N/A,#N/A,#N/A,0
P270,YouTube,15-01-2025,Reel,Check out our latest reel on youtube!,3774,239,39,60384,59490,241,#PepsiCoRefresh,NewYearRefresh,4052,6.71%,No Campaign,#N/A,#N/A,#N/A,0
P271,Instagram,17-10-2024,Video,Check out our latest video on instagram!,3575,749,111,21450,20785,195,#ThirstyForMore,FestiveRadiance,4435,20.68%,FestiveRadiance,01-10-2024,31-10-2024,200000,5714.285714
P272,Instagram,27-03-2025,Text,Check out our latest text on instagram!,4941,414,266,39528,39154,217,#PepsiCoRefresh,NewYearRefresh,5621,14.22%,DailyWellness,01-03-2025,31-03-2025,180000,5625
P273,YouTube,12-10-2024,Story,Check out our latest story on youtube!,3641,226,46,40051,39319,296,#ThirstyForMore,DailyWellness,3913,9.77%,FestiveRadiance,01-10-2024,31-10-2024,200000,5714.285714
P274,Twitter,01-01-2025,Carousel,Check out our latest carousel on twitter!,3535,494,152,53025,52791,44,#PepsiCoRefresh,DailyWellness,4181,7.88%,NewYearRefresh,25-12-2024,10-01-2025,250000,25000
P275,Facebook,05-08-2024,Reel,Check out our latest reel on facebook!,1741,831,345,17410,16844,58,#ThirstyForMore,NewYearRefresh,2917,16.75%,No Campaign,#N/A,#N/A,#N/A,0
P276,Twitter,07-06-2024,Carousel,Check out our latest carousel on twitter!,1556,195,131,9336,8875,137,#PepsiCoRefresh,FestiveRadiance,1882,20.16%,No Campaign,#N/A,#N/A,#N/A,0
P277,Facebook,06-04-2025,Image,Check out our latest image on facebook!,4236,711,298,21180,20516,238,#LiveForNow,SummerSplash,5245,24.76%,No Campaign,#N/A,#N/A,#N/A,0
P278,Twitter,26-11-2024,Text,Check out our latest text on twitter!,4516,836,169,49676,49257,282,#ThirstyForMore,DailyWellness,5521,11.11%,No Campaign,#N/A,#N/A,#N/A,0
P279,YouTube,02-09-2024,Image,Check out our latest image on youtube!,4905,845,129,98100,97772,279,#PepsiCoRefresh,FestiveRadiance,5879,5.99%,No Campaign,#N/A,#N/A,#N/A,0
P280,YouTube,21-10-2024,Video,Check out our latest video on youtube!,4275,680,385,64125,63650,104,"#ThirstyForMore,#PepsiCoRefresh,#AnytimeIsPepsiTime",DailyWellness,5340,8.33%,FestiveRadiance,01-10-2024,31-10-2024,200000,5714.285714
P281,YouTube,22-03-2025,Image,Check out our latest image on youtube!,3166,90,341,56988,56125,135,#ThirstyForMore,FestiveRadiance,3597,6.31%,DailyWellness,01-03-2025,31-03-2025,180000,5625
P282,Instagram,03-10-2024,Video,Check out our latest video on instagram!,1488,417,168,19344,18395,30,#LiveForNow,NewYearRefresh,2073,10.72%,FestiveRadiance,01-10-2024,31-10-2024,200000,5714.285714
P283,Twitter,09-05-2025,Reel,Check out our latest reel on twitter!,3367,302,57,63973,63789,157,#LiveForNow,FestiveRadiance,3726,5.82%,No Campaign,#N/A,#N/A,#N/A,0
P284,Twitter,17-09-2024,Text,Check out our latest text on twitter!,571,190,352,9707,9418,231,#PepsiCoRefresh,DailyWellness,1113,11.47%,No Campaign,#N/A,#N/A,#N/A,0
P285,YouTube,18-07-2024,Text,Check out our latest text on youtube!,4021,794,77,36189,35505,174,#ThirstyForMore,,4892,13.52%,No Campaign,#N/A,#N/A,#N/A,0
P286,YouTube,25-09-2024,Video,Check out our latest video on youtube!,3389,344,229,20334,19443,228,#LiveForNow,NewYearRefresh,3962,19.48%,No Campaign,#N/A,#N/A,#N/A,0
P287,Instagram,15-08-2024,Reel,Check out our latest reel on instagram!,1164,616,324,6984,6636,82,#ThirstyForMore,SummerSplash,2104,30.13%,No Campaign,#N/A,#N/A,#N/A,0
P288,YouTube,17-04-2025,Carousel,Check out our latest carousel on youtube!,4780,691,380,86040,85743,262,#LiveForNow,NewYearRefresh,5851,6.80%,No Campaign,#N/A,#N/A,#N/A,0
P289,Facebook,28-11-2024,Carousel,Check out our latest carousel on facebook!,2751,33,430,44016,43415,129,#LiveForNow,,3214,7.30%,No Campaign,#N/A,#N/A,#N/A,0
P290,Instagram,20-12-2024,Carousel,Check out our latest carousel on instagram!,2107,550,349,35819,35340,191,#ThirstyForMore,DailyWellness,3006,8.39%,No Campaign,#N/A,#N/A,#N/A,0
P291,Facebook,06-11-2024,Video,Check out our latest video on facebook!,4663,145,225,69945,69596,35,#ThirstyForMore,DailyWellness,5033,7.20%,No Campaign,#N/A,#N/A,#N/A,0
P292,Facebook,17-11-2024,Text,Check out our latest text on facebook!,880,297,345,12320,11978,238,"#PepsiCoRefresh,#AnytimeIsPepsiTime",,1522,12.35%,No Campaign,#N/A,#N/A,#N/A,0
P293,Facebook,14-05-2025,Text,Check out our latest text on facebook!,2634,726,241,28974,28102,277,#ThirstyForMore,SummerSplash,3601,12.43%,No Campaign,#N/A,#N/A,#N/A,0
P294,Facebook,19-06-2024,Carousel,Check out our latest carousel on facebook!,4731,173,276,28386,28185,89,#ThirstyForMore,NewYearRefresh,5180,18.25%,SummerSplash,15-06-2024,15-07-2024,150000,5555.555556
P295,Twitter,06-05-2025,Image,Check out our latest image on twitter!,1952,344,287,15616,15403,235,"#LiveForNow,#PepsiCoRefresh,#AnytimeIsPepsiTime",FestiveRadiance,2583,16.54%,No Campaign,#N/A,#N/A,#N/A,0
P296,Twitter,11-02-2025,Video,Check out our latest video on twitter!,3440,13,20,58480,58146,210,"#PepsiCoRefresh,#SmoothLikeNitroPepsi",DailyWellness,3473,5.94%,No Campaign,#N/A,#N/A,#N/A,0
P297,Twitter,24-12-2024,Text,Check out our latest text on twitter!,2166,354,117,10830,10245,24,#ThirstyForMore,DailyWellness,2637,24.35%,No Campaign,#N/A,#N/A,#N/A,0
P298,Facebook,24-10-2024,Image,Check out our latest image on facebook!,4303,451,286,86060,85823,14,#PepsiCoRefresh,NewYearRefresh,5040,5.86%,FestiveRadiance,01-10-2024,31-10-2024,200000,5714.285714
P299,Facebook,26-08-2024,Image,Check out our latest image on facebook!,2581,517,117,23229,22331,70,#LiveForNow,NewYearRefresh,3215,13.84%,No Campaign,#N/A,#N/A,#N/A,0
P300,Twitter,31-08-2024,Carousel,Check out our latest carousel on twitter!,4494,717,45,62916,62688,191,"#PepsiCoRefresh,#ThirstyForMore,#BetterWithPepsi",SummerSplash,5256,8.35%,No Campaign,#N/A,#N/A,#N/A,0
,,,,,,,,,,,,,,,,,,,
,,,,,,,,,,,,,,,,,,,
,,,,,,,,,,,,,,,,,,,
,,,,,,,,,,,,,,,,,,,
,,,,,,,,,,,,,,,,,,,
,,,,,,,,,,,,,,,,,,,
,,,,,,,,,,,,,,,,,,,
,,,,,,,,,,,,,,,,,,,
,,,,,,,,,,,,,,,,,,,
,,,,,,,,,,,,,,,,,,,
,,,,,,,,,,,,,,,,,,,
,,,,,,,,,,,,,,,,,,,
,,,,,,,,,,,,,,,,,,,
,,,,,,,,,,,,,,,,,,,
,,,,,,,,,,,,,,,,,,,
,,,,,,,,,,,,,,,,,,,
,,,,,,,,,,,,,,,,,,,
,,,,,,,,,,,,,,,,,,,
,,,,,,,,,,,,,,,,,,,
,,,,,,,,,,,,,,,,,,,
,,,,,,,,,,,,,,,,,,,
,,,,,,,,,,,,,,,,,,,
,,,,,,,,,,,,,,,,,,,
,,,,,,,,,,,,,,,,,,,
,,,,,,,,,,,,,,,,,,,
,,,,,,,,,,,,,,,,,,,
,,,,,,,,,,,,,,,,,,,
,,,,,,,,,,,,,,,,,,,
,,,,,,,,,,,,,,,,,,,
,,,,,,,,,,,,,,,,,,,
,,,,,,,,,,,,,,,,,,,
,,,,,,,,,,,,,,,,,,,
,,,,,,,,,,,,,,,,,,,
,,,,,,,,,,,,,,,,,,,
,,,,,,,,,,,,,,,,,,,
,,,,,,,,,,,,,,,,,,,
,,,,,,,,,,,,,,,,,,,
,,,,,,,,,,,,,,,,,,,
,,,,,,,,,,,,,,,,,,,
,,,,,,,,,,,,,,,,,,,
,,,,,,,,,,,,,,,,,,,
,,,,,,,,,,,,,,,,,,,
,,,,,,,,,,,,,,,,,,,
,,,,,,,,,,,,,,,,,,,
,,,,,,,,,,,,,,,,,,,
,,,,,,,,,,,,,,,,,,,
,,,,,,,,,,,,,,,,,,,
,,,,,,,,,,,,,,,,,,,
,,,,,,,,,,,,,,,,,,,
,,,,,,,,,,,,,,,,,,,
,,,,,,,,,,,,,,,,,,,
,,,,,,,,,,,,,,,,,,,
,,,,,,,,,,,,,,,,,,,
,,,,,,,,,,,,,,,,,,,
,,,,,,,,,,,,,,,,,,,
,,,,,,,,,,,,,,,,,,,
,,,,,,,,,,,,,,,,,,,
,,,,,,,,,,,,,,,,,,,
,,,,,,,,,,,,,,,,,,,
,,,,,,,,,,,,,,,,,,,
,,,,,,,,,,,,,,,,,,,
,,,,,,,,,,,,,,,,,,,
,,,,,,,,,,,,,,,,,,,
,,,,,,,,,,,,,,,,,,,
,,,,,,,,,,,,,,,,,,,
,,,,,,,,,,,,,,,,,,,
,,,,,,,,,,,,,,,,,,,
,,,,,,,,,,,,,,,,,,,
,,,,,,,,,,,,,,,,,,,
,,,,,,,,,,,,,,,,,,,
,,,,,,,,,,,,,,,,,,,
,,,,,,,,,,,,,,,,,,,
,,,,,,,,,,,,,,,,,,,
,,,,,,,,,,,,,,,,,,,
,,,,,,,,,,,,,,,,,,,
,,,,,,,,,,,,,,,,,,,
,,,,,,,,,,,,,,,,,,,
,,,,,,,,,,,,,,,,,,,
,,,,,,,,,,,,,,,,,,,
,,,,,,,,,,,,,,,,,,,
,,,,,,,,,,,,,,,,,,,
,,,,,,,,,,,,,,,,,,,
,,,,,,,,,,,,,,,,,,,
,,,,,,,,,,,,,,,,,,,
,,,,,,,,,,,,,,,,,,,
,,,,,,,,,,,,,,,,,,,
,,,,,,,,,,,,,,,,,,,
,,,,,,,,,,,,,,,,,,,
,,,,,,,,,,,,,,,,,,,
,,,,,,,,,,,,,,,,,,,
,,,,,,,,,,,,,,,,,,,
,,,,,,,,,,,,,,,,,,,
,,,,,,,,,,,,,,,,,,,
,,,,,,,,,,,,,,,,,,,
,,,,,,,,,,,,,,,,,,,
,,,,,,,,,,,,,,,,,,,
,,,,,,,,,,,,,,,,,,,
,,,,,,,,,,,,,,,,,,,
,,,,,,,,,,,,,,,,,,,
,,,,,,,,,,,,,,,,,,,
,,,,,,,,,,,,,,,,,,,
,,,,,,,,,,,,,,,,,,,
,,,,,,,,,,,,,,,,,,,
,,,,,,,,,,,,,,,,,,,
,,,,,,,,,,,,,,,,,,,
,,,,,,,,,,,,,,,,,,,
,,,,,,,,,,,,,,,,,,,
,,,,,,,,,,,,,,,,,,,
,,,,,,,,,,,,,,,,,,,
,,,,,,,,,,,,,,,,,,,
,,,,,,,,,,,,,,,,,,,
,,,,,,,,,,,,,,,,,,,
,,,,,,,,,,,,,,,,,,,
,,,,,,,,,,,,,,,,,,,
,,,,,,,,,,,,,,,,,,,
,,,,,,,,,,,,,,,,,,,
,,,,,,,,,,,,,,,,,,,
,,,,,,,,,,,,,,,,,,,
,,,,,,,,,,,,,,,,,,,
,,,,,,,,,,,,,,,,,,,
,,,,,,,,,,,,,,,,,,,
,,,,,,,,,,,,,,,,,,,
,,,,,,,,,,,,,,,,,,,
,,,,,,,,,,,,,,,,,,,
,,,,,,,,,,,,,,,,,,,
,,,,,,,,,,,,,,,,,,,
,,,,,,,,,,,,,,,,,,,
,,,,,,,,,,,,,,,,,,,
,,,,,,,,,,,,,,,,,,,
,,,,,,,,,,,,,,,,,,,
,,,,,,,,,,,,,,,,,,,
,,,,,,,,,,,,,,,,,,,
,,,,,,,,,,,,,,,,,,,
,,,,,,,,,,,,,,,,,,,
,,,,,,,,,,,,,,,,,,,
,,,,,,,,,,,,,,,,,,,
,,,,,,,,,,,,,,,,,,,
,,,,,,,,,,,,,,,,,,,
,,,,,,,,,,,,,,,,,,,
,,,,,,,,,,,,,,,,,,,
,,,,,,,,,,,,,,,,,,,
,,,,,,,,,,,,,,,,,,,
,,,,,,,,,,,,,,,,,,,
,,,,,,,,,,,,,,,,,,,
,,,,,,,,,,,,,,,,,,,
,,,,,,,,,,,,,,,,,,,
,,,,,,,,,,,,,,,,,,,
,,,,,,,,,,,,,,,,,,,
,,,,,,,,,,,,,,,,,,,
,,,,,,,,,,,,,,,,,,,
,,,,,,,,,,,,,,,,,,,
,,,,,,,,,,,,,,,,,,,
,,,,,,,,,,,,,,,,,,,
,,,,,,,,,,,,,,,,,,,
,,,,,,,,,,,,,,,,,,,
,,,,,,,,,,,,,,,,,,,
,,,,,,,,,,,,,,,,,,,
,,,,,,,,,,,,,,,,,,,
,,,,,,,,,,,,,,,,,,,
,,,,,,,,,,,,,,,,,,,
,,,,,,,,,,,,,,,,,,,
,,,,,,,,,,,,,,,,,,,
,,,,,,,,,,,,,,,,,,,
,,,,,,,,,,,,,,,,,,,
,,,,,,,,,,,,,,,,,,,
,,,,,,,,,,,,,,,,,,,
,,,,,,,,,,,,,,,,,,,
,,,,,,,,,,,,,,,,,,,
,,,,,,,,,,,,,,,,,,,
,,,,,,,,,,,,,,,,,,,
,,,,,,,,,,,,,,,,,,,
,,,,,,,,,,,,,,,,,,,
,,,,,,,,,,,,,,,,,,,
,,,,,,,,,,,,,,,,,,,
,,,,,,,,,,,,,,,,,,,
,,,,,,,,,,,,,,,,,,,
,,,,,,,,,,,,,,,,,,,
,,,,,,,,,,,,,,,,,,,
,,,,,,,,,,,,,,,,,,,
,,,,,,,,,,,,,,,,,,,
,,,,,,,,,,,,,,,,,,,
,,,,,,,,,,,,,,,,,,,
,,,,,,,,,,,,,,,,,,,
,,,,,,,,,,,,,,,,,,,
,,,,,,,,,,,,,,,,,,,
,,,,,,,,,,,,,,,,,,,
,,,,,,,,,,,,,,,,,,,
,,,,,,,,,,,,,,,,,,,
,,,,,,,,,,,,,,,,,,,
,,,,,,,,,,,,,,,,,,,
,,,,,,,,,,,,,,,,,,,
,,,,,,,,,,,,,,,,,,,
,,,,,,,,,,,,,,,,,,,
,,,,,,,,,,,,,,,,,,,
,,,,,,,,,,,,,,,,,,,
,,,,,,,,,,,,,,,,,,,
,,,,,,,,,,,,,,,,,,,
,,,,,,,,,,,,,,,,,,,
,,,,,,,,,,,,,,,,,,,
,,,,,,,,,,,,,,,,,,,
,,,,,,,,,,,,,,,,,,,
,,,,,,,,,,,,,,,,,,,
,,,,,,,,,,,,,,,,,,,
,,,,,,,,,,,,,,,,,,,
,,,,,,,,,,,,,,,,,,,
,,,,,,,,,,,,,,,,,,,
,,,,,,,,,,,,,,,,,,,
,,,,,,,,,,,,,,,,,,,
,,,,,,,,,,,,,,,,,,,
,,,,,,,,,,,,,,,,,,,
,,,,,,,,,,,,,,,,,,,
,,,,,,,,,,,,,,,,,,,
,,,,,,,,,,,,,,,,,,,
,,,,,,,,,,,,,,,,,,,
,,,,,,,,,,,,,,,,,,,
,,,,,,,,,,,,,,,,,,,
,,,,,,,,,,,,,,,,,,,
,,,,,,,,,,,,,,,,,,,
,,,,,,,,,,,,,,,,,,,
,,,,,,,,,,,,,,,,,,,
,,,,,,,,,,,,,,,,,,,
,,,,,,,,,,,,,,,,,,,
,,,,,,,,,,,,,,,,,,,
,,,,,,,,,,,,,,,,,,,
,,,,,,,,,,,,,,,,,,,
,,,,,,,,,,,,,,,,,,,
,,,,,,,,,,,,,,,,,,,
,,,,,,,,,,,,,,,,,,,
,,,,,,,,,,,,,,,,,,,
,,,,,,,,,,,,,,,,,,,
,,,,,,,,,,,,,,,,,,,
,,,,,,,,,,,,,,,,,,,
,,,,,,,,,,,,,,,,,,,
,,,,,,,,,,,,,,,,,,,
,,,,,,,,,,,,,,,,,,,
,,,,,,,,,,,,,,,,,,,
,,,,,,,,,,,,,,,,,,,
,,,,,,,,,,,,,,,,,,,
,,,,,,,,,,,,,,,,,,,
,,,,,,,,,,,,,,,,,,,
,,,,,,,,,,,,,,,,,,,
,,,,,,,,,,,,,,,,,,,
,,,,,,,,,,,,,,,,,,,
,,,,,,,,,,,,,,,,,,,
,,,,,,,,,,,,,,,,,,,
,,,,,,,,,,,,,,,,,,,
,,,,,,,,,,,,,,,,,,,
,,,,,,,,,,,,,,,,,,,
,,,,,,,,,,,,,,,,,,,
,,,,,,,,,,,,,,,,,,,
,,,,,,,,,,,,,,,,,,,
,,,,,,,,,,,,,,,,,,,
,,,,,,,,,,,,,,,,,,,
,,,,,,,,,,,,,,,,,,,
,,,,,,,,,,,,,,,,,,,
,,,,,,,,,,,,,,,,,,,
,,,,,,,,,,,,,,,,,,,
,,,,,,,,,,,,,,,,,,,
,,,,,,,,,,,,,,,,,,,
,,,,,,,,,,,,,,,,,,,
,,,,,,,,,,,,,,,,,,,
,,,,,,,,,,,,,,,,,,,
,,,,,,,,,,,,,,,,,,,
,,,,,,,,,,,,,,,,,,,
,,,,,,,,,,,,,,,,,,,
,,,,,,,,,,,,,,,,,,,
,,,,,,,,,,,,,,,,,,,
,,,,,,,,,,,,,,,,,,,
,,,,,,,,,,,,,,,,,,,
,,,,,,,,,,,,,,,,,,,
,,,,,,,,,,,,,,,,,,,
,,,,,,,,,,,,,,,,,,,
,,,,,,,,,,,,,,,,,,,
,,,,,,,,,,,,,,,,,,,
,,,,,,,,,,,,,,,,,,,
,,,,,,,,,,,,,,,,,,,
,,,,,,,,,,,,,,,,,,,
,,,,,,,,,,,,,,,,,,,
,,,,,,,,,,,,,,,,,,,
,,,,,,,,,,,,,,,,,,,
,,,,,,,,,,,,,,,,,,,
,,,,,,,,,,,,,,,,,,,
,,,,,,,,,,,,,,,,,,,
,,,,,,,,,,,,,,,,,,,
,,,,,,,,,,,,,,,,,,,
,,,,,,,,,,,,,,,,,,,
,,,,,,,,,,,,,,,,,,,
,,,,,,,,,,,,,,,,,,,
,,,,,,,,,,,,,,,,,,,
,,,,,,,,,,,,,,,,,,,
,,,,,,,,,,,,,,,,,,,
,,,,,,,,,,,,,,,,,,,
,,,,,,,,,,,,,,,,,,,
,,,,,,,,,,,,,,,,,,,
,,,,,,,,,,,,,,,,,,,
,,,,,,,,,,,,,,,,,,,
,,,,,,,,,,,,,,,,,,,
,,,,,,,,,,,,,,,,,,,
,,,,,,,,,,,,,,,,,,,
,,,,,,,,,,,,,,,,,,,
,,,,,,,,,,,,,,,,,,,
,,,,,,,,,,,,,,,,,,,
,,,,,,,,,,,,,,,,,,,
,,,,,,,,,,,,,,,,,,,
,,,,,,,,,,,,,,,,,,,
,,,,,,,,,,,,,,,,,,,
,,,,,,,,,,,,,,,,,,,
,,,,,,,,,,,,,,,,,,,
,,,,,,,,,,,,,,,,,,,
,,,,,,,,,,,,,,,,,,,
,,,,,,,,,,,,,,,,,,,
,,,,,,,,,,,,,,,,,,,
,,,,,,,,,,,,,,,,,,,
,,,,,,,,,,,,,,,,,,,
,,,,,,,,,,,,,,,,,,,
,,,,,,,,,,,,,,,,,,,
,,,,,,,,,,,,,,,,,,,
,,,,,,,,,,,,,,,,,,,
,,,,,,,,,,,,,,,,,,,
,,,,,,,,,,,,,,,,,,,
,,,,,,,,,,,,,,,,,,,
,,,,,,,,,,,,,,,,,,,
,,,,,,,,,,,,,,,,,,,
,,,,,,,,,,,,,,,,,,,
,,,,,,,,,,,,,,,,,,,
,,,,,,,,,,,,,,,,,,,
,,,,,,,,,,,,,,,,,,,
,,,,,,,,,,,,,,,,,,,
,,,,,,,,,,,,,,,,,,,
,,,,,,,,,,,,,,,,,,,
,,,,,,,,,,,,,,,,,,,
,,,,,,,,,,,,,,,,,,,
,,,,,,,,,,,,,,,,,,,
,,,,,,,,,,,,,,,,,,,
,,,,,,,,,,,,,,,,,,,
,,,,,,,,,,,,,,,,,,,
,,,,,,,,,,,,,,,,,,,
,,,,,,,,,,,,,,,,,,,
,,,,,,,,,,,,,,,,,,,
,,,,,,,,,,,,,,,,,,,
,,,,,,,,,,,,,,,,,,,
,,,,,,,,,,,,,,,,,,,
,,,,,,,,,,,,,,,,,,,
,,,,,,,,,,,,,,,,,,,
,,,,,,,,,,,,,,,,,,,
,,,,,,,,,,,,,,,,,,,
,,,,,,,,,,,,,,,,,,,
,,,,,,,,,,,,,,,,,,,
,,,,,,,,,,,,,,,,,,,
,,,,,,,,,,,,,,,,,,,
,,,,,,,,,,,,,,,,,,,
,,,,,,,,,,,,,,,,,,,
,,,,,,,,,,,,,,,,,,,
,,,,,,,,,,,,,,,,,,,
,,,,,,,,,,,,,,,,,,,
,,,,,,,,,,,,,,,,,,,
,,,,,,,,,,,,,,,,,,,
,,,,,,,,,,,,,,,,,,,
,,,,,,,,,,,,,,,,,,,
,,,,,,,,,,,,,,,,,,,
,,,,,,,,,,,,,,,,,,,
,,,,,,,,,,,,,,,,,,,
,,,,,,,,,,,,,,,,,,,
,,,,,,,,,,,,,,,,,,,
,,,,,,,,,,,,,,,,,,,
,,,,,,,,,,,,,,,,,,,
,,,,,,,,,,,,,,,,,,,
,,,,,,,,,,,,,,,,,,,
,,,,,,,,,,,,,,,,,,,
,,,,,,,,,,,,,,,,,,,
,,,,,,,,,,,,,,,,,,,
,,,,,,,,,,,,,,,,,,,
,,,,,,,,,,,,,,,,,,,
,,,,,,,,,,,,,,,,,,,
,,,,,,,,,,,,,,,,,,,
,,,,,,,,,,,,,,,,,,,
,,,,,,,,,,,,,,,,,,,
,,,,,,,,,,,,,,,,,,,
,,,,,,,,,,,,,,,,,,,
,,,,,,,,,,,,,,,,,,,
,,,,,,,,,,,,,,,,,,,
,,,,,,,,,,,,,,,,,,,
,,,,,,,,,,,,,,,,,,,
,,,,,,,,,,,,,,,,,,,
,,,,,,,,,,,,,,,,,,,
,,,,,,,,,,,,,,,,,,,
,,,,,,,,,,,,,,,,,,,
,,,,,,,,,,,,,,,,,,,
,,,,,,,,,,,,,,,,,,,
,,,,,,,,,,,,,,,,,,,
,,,,,,,,,,,,,,,,,,,
,,,,,,,,,,,,,,,,,,,
,,,,,,,,,,,,,,,,,,,
,,,,,,,,,,,,,,,,,,,
,,,,,,,,,,,,,,,,,,,
,,,,,,,,,,,,,,,,,,,
,,,,,,,,,,,,,,,,,,,
,,,,,,,,,,,,,,,,,,,
,,,,,,,,,,,,,,,,,,,
,,,,,,,,,,,,,,,,,,,
,,,,,,,,,,,,,,,,,,,
,,,,,,,,,,,,,,,,,,,
,,,,,,,,,,,,,,,,,,,
,,,,,,,,,,,,,,,,,,,
,,,,,,,,,,,,,,,,,,,
,,,,,,,,,,,,,,,,,,,
,,,,,,,,,,,,,,,,,,,
,,,,,,,,,,,,,,,,,,,
,,,,,,,,,,,,,,,,,,,
,,,,,,,,,,,,,,,,,,,
,,,,,,,,,,,,,,,,,,,
,,,,,,,,,,,,,,,,,,,
,,,,,,,,,,,,,,,,,,,
,,,,,,,,,,,,,,,,,,,
,,,,,,,,,,,,,,,,,,,
,,,,,,,,,,,,,,,,,,,
,,,,,,,,,,,,,,,,,,,
,,,,,,,,,,,,,,,,,,,
,,,,,,,,,,,,,,,,,,,
,,,,,,,,,,,,,,,,,,,
,,,,,,,,,,,,,,,,,,,
,,,,,,,,,,,,,,,,,,,
,,,,,,,,,,,,,,,,,,,
,,,,,,,,,,,,,,,,,,,
,,,,,,,,,,,,,,,,,,,
,,,,,,,,,,,,,,,,,,,
,,,,,,,,,,,,,,,,,,,
,,,,,,,,,,,,,,,,,,,
,,,,,,,,,,,,,,,,,,,
,,,,,,,,,,,,,,,,,,,
,,,,,,,,,,,,,,,,,,,
,,,,,,,,,,,,,,,,,,,
,,,,,,,,,,,,,,,,,,,
,,,,,,,,,,,,,,,,,,,
,,,,,,,,,,,,,,,,,,,
,,,,,,,,,,,,,,,,,,,
,,,,,,,,,,,,,,,,,,,
,,,,,,,,,,,,,,,,,,,
,,,,,,,,,,,,,,,,,,,
,,,,,,,,,,,,,,,,,,,
,,,,,,,,,,,,,,,,,,,
,,,,,,,,,,,,,,,,,,,
,,,,,,,,,,,,,,,,,,,
,,,,,,,,,,,,,,,,,,,
,,,,,,,,,,,,,,,,,,,
,,,,,,,,,,,,,,,,,,,
,,,,,,,,,,,,,,,,,,,
,,,,,,,,,,,,,,,,,,,
,,,,,,,,,,,,,,,,,,,
,,,,,,,,,,,,,,,,,,,
,,,,,,,,,,,,,,,,,,,
,,,,,,,,,,,,,,,,,,,
,,,,,,,,,,,,,,,,,,,
,,,,,,,,,,,,,,,,,,,
,,,,,,,,,,,,,,,,,,,
,,,,,,,,,,,,,,,,,,,
,,,,,,,,,,,,,,,,,,,
,,,,,,,,,,,,,,,,,,,
,,,,,,,,,,,,,,,,,,,
,,,,,,,,,,,,,,,,,,,
,,,,,,,,,,,,,,,,,,,
,,,,,,,,,,,,,,,,,,,
,,,,,,,,,,,,,,,,,,,
,,,,,,,,,,,,,,,,,,,
,,,,,,,,,,,,,,,,,,,
,,,,,,,,,,,,,,,,,,,
,,,,,,,,,,,,,,,,,,,
,,,,,,,,,,,,,,,,,,,
,,,,,,,,,,,,,,,,,,,
,,,,,,,,,,,,,,,,,,,
,,,,,,,,,,,,,,,,,,,
,,,,,,,,,,,,,,,,,,,
,,,,,,,,,,,,,,,,,,,
,,,,,,,,,,,,,,,,,,,
,,,,,,,,,,,,,,,,,,,
,,,,,,,,,,,,,,,,,,,
,,,,,,,,,,,,,,,,,,,
,,,,,,,,,,,,,,,,,,,
,,,,,,,,,,,,,,,,,,,
,,,,,,,,,,,,,,,,,,,
,,,,,,,,,,,,,,,,,,,
,,,,,,,,,,,,,,,,,,,
,,,,,,,,,,,,,,,,,,,
,,,,,,,,,,,,,,,,,,,
,,,,,,,,,,,,,,,,,,,
,,,,,,,,,,,,,,,,,,,
,,,,,,,,,,,,,,,,,,,
,,,,,,,,,,,,,,,,,,,
,,,,,,,,,,,,,,,,,,,
,,,,,,,,,,,,,,,,,,,
,,,,,,,,,,,,,,,,,,,
,,,,,,,,,,,,,,,,,,,
,,,,,,,,,,,,,,,,,,,
,,,,,,,,,,,,,,,,,,,
,,,,,,,,,,,,,,,,,,,
,,,,,,,,,,,,,,,,,,,
,,,,,,,,,,,,,,,,,,,
,,,,,,,,,,,,,,,,,,,
,,,,,,,,,,,,,,,,,,,
,,,,,,,,,,,,,,,,,,,
,,,,,,,,,,,,,,,,,,,
,,,,,,,,,,,,,,,,,,,
,,,,,,,,,,,,,,,,,,,
,,,,,,,,,,,,,,,,,,,
,,,,,,,,,,,,,,,,,,,
,,,,,,,,,,,,,,,,,,,
,,,,,,,,,,,,,,,,,,,
,,,,,,,,,,,,,,,,,,,
,,,,,,,,,,,,,,,,,,,
,,,,,,,,,,,,,,,,,,,
,,,,,,,,,,,,,,,,,,,
,,,,,,,,,,,,,,,,,,,
,,,,,,,,,,,,,,,,,,,
,,,,,,,,,,,,,,,,,,,
,,,,,,,,,,,,,,,,,,,
,,,,,,,,,,,,,,,,,,,
,,,,,,,,,,,,,,,,,,,
,,,,,,,,,,,,,,,,,,,
,,,,,,,,,,,,,,,,,,,
,,,,,,,,,,,,,,,,,,,
,,,,,,,,,,,,,,,,,,,
,,,,,,,,,,,,,,,,,,,
,,,,,,,,,,,,,,,,,,,
,,,,,,,,,,,,,,,,,,,
,,,,,,,,,,,,,,,,,,,
,,,,,,,,,,,,,,,,,,,
,,,,,,,,,,,,,,,,,,,
,,,,,,,,,,,,,,,,,,,
,,,,,,,,,,,,,,,,,,,
,,,,,,,,,,,,,,,,,,,
,,,,,,,,,,,,,,,,,,,
,,,,,,,,,,,,,,,,,,,
,,,,,,,,,,,,,,,,,,,
,,,,,,,,,,,,,,,,,,,
,,,,,,,,,,,,,,,,,,,
,,,,,,,,,,,,,,,,,,,
,,,,,,,,,,,,,,,,,,,
,,,,,,,,,,,,,,,,,,,
,,,,,,,,,,,,,,,,,,,
,,,,,,,,,,,,,,,,,,,
,,,,,,,,,,,,,,,,,,,
,,,,,,,,,,,,,,,,,,,
,,,,,,,,,,,,,,,,,,,
,,,,,,,,,,,,,,,,,,,
,,,,,,,,,,,,,,,,,,,
,,,,,,,,,,,,,,,,,,,
,,,,,,,,,,,,,,,,,,,
,,,,,,,,,,,,,,,,,,,
,,,,,,,,,,,,,,,,,,,
,,,,,,,,,,,,,,,,,,,
,,,,,,,,,,,,,,,,,,,
,,,,,,,,,,,,,,,,,,,
,,,,,,,,,,,,,,,,,,,
,,,,,,,,,,,,,,,,,,,
,,,,,,,,,,,,,,,,,,,
,,,,,,,,,,,,,,,,,,,
,,,,,,,,,,,,,,,,,,,
,,,,,,,,,,,,,,,,,,,
,,,,,,,,,,,,,,,,,,,
,,,,,,,,,,,,,,,,,,,
,,,,,,,,,,,,,,,,,,,
,,,,,,,,,,,,,,,,,,,
,,,,,,,,,,,,,,,,,,,
,,,,,,,,,,,,,,,,,,,
,,,,,,,,,,,,,,,,,,,
,,,,,,,,,,,,,,,,,,,
,,,,,,,,,,,,,,,,,,,
,,,,,,,,,,,,,,,,,,,
,,,,,,,,,,,,,,,,,,,
,,,,,,,,,,,,,,,,,,,
,,,,,,,,,,,,,,,,,,,
,,,,,,,,,,,,,,,,,,,
,,,,,,,,,,,,,,,,,,,
,,,,,,,,,,,,,,,,,,,
,,,,,,,,,,,,,,,,,,,
,,,,,,,,,,,,,,,,,,,
,,,,,,,,,,,,,,,,,,,
,,,,,,,,,,,,,,,,,,,
,,,,,,,,,,,,,,,,,,,
,,,,,,,,,,,,,,,,,,,
,,,,,,,,,,,,,,,,,,,
,,,,,,,,,,,,,,,,,,,
,,,,,,,,,,,,,,,,,,,
,,,,,,,,,,,,,,,,,,,
,,,,,,,,,,,,,,,,,,,
,,,,,,,,,,,,,,,,,,,
,,,,,,,,,,,,,,,,,,,
,,,,,,,,,,,,,,,,,,,
,,,,,,,,,,,,,,,,,,,
,,,,,,,,,,,,,,,,,,,
,,,,,,,,,,,,,,,,,,,
,,,,,,,,,,,,,,,,,,,
,,,,,,,,,,,,,,,,,,,
,,,,,,,,,,,,,,,,,,,
,,,,,,,,,,,,,,,,,,,
,,,,,,,,,,,,,,,,,,,
,,,,,,,,,,,,,,,,,,,
,,,,,,,,,,,,,,,,,,,
,,,,,,,,,,,,,,,,,,,
,,,,,,,,,,,,,,,,,,,
,,,,,,,,,,,,,,,,,,,
,,,,,,,,,,,,,,,,,,,
,,,,,,,,,,,,,,,,,,,
,,,,,,,,,,,,,,,,,,,
,,,,,,,,,,,,,,,,,,,
,,,,,,,,,,,,,,,,,,,
,,,,,,,,,,,,,,,,,,,
,,,,,,,,,,,,,,,,,,,
,,,,,,,,,,,,,,,,,,,
,,,,,,,,,,,,,,,,,,,
,,,,,,,,,,,,,,,,,,,
,,,,,,,,,,,,,,,,,,,
,,,,,,,,,,,,,,,,,,,
,,,,,,,,,,,,,,,,,,,
,,,,,,,,,,,,,,,,,,,
,,,,,,,,,,,,,,,,,,,
,,,,,,,,,,,,,,,,,,,
,,,,,,,,,,,,,,,,,,,
,,,,,,,,,,,,,,,,,,,
,,,,,,,,,,,,,,,,,,,
,,,,,,,,,,,,,,,,,,,
,,,,,,,,,,,,,,,,,,,
,,,,,,,,,,,,,,,,,,,
,,,,,,,,,,,,,,,,,,,
,,,,,,,,,,,,,,,,,,,
,,,,,,,,,,,,,,,,,,,
,,,,,,,,,,,,,,,,,,,
,,,,,,,,,,,,,,,,,,,
,,,,,,,,,,,,,,,,,,,
,,,,,,,,,,,,,,,,,,,
,,,,,,,,,,,,,,,,,,,
,,,,,,,,,,,,,,,,,,,
,,,,,,,,,,,,,,,,,,,
,,,,,,,,,,,,,,,,,,,
,,,,,,,,,,,,,,,,,,,
,,,,,,,,,,,,,,,,,,,
,,,,,,,,,,,,,,,,,,,
,,,,,,,,,,,,,,,,,,,
,,,,,,,,,,,,,,,,,,,
,,,,,,,,,,,,,,,,,,,
,,,,,,,,,,,,,,,,,,,
,,,,,,,,,,,,,,,,,,,
,,,,,,,,,,,,,,,,,,,
,,,,,,,,,,,,,,,,,,,
,,,,,,,,,,,,,,,,,,,
,,,,,,,,,,,,,,,,,,,
,,,,,,,,,,,,,,,,,,,
,,,,,,,,,,,,,,,,,,,
,,,,,,,,,,,,,,,,,,,
,,,,,,,,,,,,,,,,,,,
,,,,,,,,,,,,,,,,,,,
,,,,,,,,,,,,,,,,,,,
,,,,,,,,,,,,,,,,,,,
,,,,,,,,,,,,,,,,,,,
,,,,,,,,,,,,,,,,,,,
,,,,,,,,,,,,,,,,,,,
,,,,,,,,,,,,,,,,,,,
,,,,,,,,,,,,,,,,,,,
,,,,,,,,,,,,,,,,,,,
,,,,,,,,,,,,,,,,,,,
,,,,,,,,,,,,,,,,,,,
,,,,,,,,,,,,,,,,,,,
,,,,,,,,,,,,,,,,,,,
,,,,,,,,,,,,,,,,,,,
,,,,,,,,,,,,,,,,,,,
,,,,,,,,,,,,,,,,,,,
,,,,,,,,,,,,,,,,,,,
,,,,,,,,,,,,,,,,,,,
,,,,,,,,,,,,,,,,,,,
,,,,,,,,,,,,,,,,,,,
,,,,,,,,,,,,,,,,,,,
,,,,,,,,,,,,,,,,,,,
,,,,,,,,,,,,,,,,,,,
,,,,,,,,,,,,,,,,,,,
,,,,,,,,,,,,,,,,,,,
,,,,,,,,,,,,,,,,,,,
,,,,,,,,,,,,,,,,,,,
,,,,,,,,,,,,,,,,,,,
,,,,,,,,,,,,,,,,,,,
,,,,,,,,,,,,,,,,,,,
,,,,,,,,,,,,,,,,,,,
,,,,,,,,,,,,,,,,,,,
,,,,,,,,,,,,,,,,,,,
,,,,,,,,,,,,,,,,,,,
,,,,,,,,,,,,,,,,,,,
,,,,,,,,,,,,,,,,,,,
,,,,,,,,,,,,,,,,,,,
,,,,,,,,,,,,,,,,,,,
,,,,,,,,,,,,,,,,,,,
,,,,,,,,,,,,,,,,,,,
,,,,,,,,,,,,,,,,,,,
,,,,,,,,,,,,,,,,,,,
,,,,,,,,,,,,,,,,,,,
,,,,,,,,,,,,,,,,,,,
,,,,,,,,,,,,,,,,,,,
,,,,,,,,,,,,,,,,,,,
,,,,,,,,,,,,,,,,,,,
,,,,,,,,,,,,,,,,,,,
,,,,,,,,,,,,,,,,,,,
